"SENSE"	"A1"	"A2"	"A3"	"A4"	"A5"	"A6"	"A7"	"A8"	"A9"	"A10"	"A11"	"A12"	"A13"	"A14"	"A15"	"A16"	"A17"	"A18"	"A19"	"A20"	"A21"	"A22"	"A23"	"A24"	"A25"	"A26"	"A27"	"A28"	"A29"	"A30"	"A31"	"A32"	"A33"	"A34"	"A35"	"A36"	"A37"	"A38"	"A39"	"A40"	"A41"	"A42"	"A43"	"A44"	"A45"	"A46"	"A47"	"A48"	"A49"	"A50"	"A51"	"A52"	"A53"	"A54"	"A55"	"A56"	"A57"	"A58"	"A59"	"A60"	"A61"	"A62"	"A63"	"A64"	"A65"	"A66"	"A67"	"A68"	"A69"	"A70"	"A71"	"A72"	"A73"	"A74"	"A75"	"A76"	"A77"	"A78"	"A79"	"A80"	"A81"	"A82"	"A83"	"A84"	"A85"	"A86"	"A87"	"A88"	"A89"	"A90"	"A91"	"A92"	"A93"	"A94"	"A95"	"A96"	"A97"	"A98"
"2:32:00::"	"he"	"curiously"	"?"	"."	"?_he"	"he_curiously"	"curiously_."	"''_?_he"	"?_he_curiously"	"he_curiously_."	"curiously_._∅"	"ε"	"ε"	"PRP"	"VB"	"RB"	"ε"	"ε"	"0"	"0"	"0"	"0"	"0"	"0"	"0"	"0"	"0"	"0"	"0"	"0"	"0"	"0"	"0"	"0"	"0"	"0"	"0"	"0"	"0"	"0"	"0"	"0"	"0"	"0"	"0"	"0"	"0"	"how"	"did"	"you"	"get_by"	"desk"	"he"	"ask"	"curiously"	"0"	"0"	"0"	"0"	"0"	"0"	"0"	"0"	"0"	"0"	"0"	"0"	"0"	"0"	"0"	"0"	"0"	"0"	"0"	"0"	"0"	"0"	"0"	"0"	"0"	"0"	"0"	"0"	"0"	"0"	"0"	"0"	"0"	"0"	"0"	"0"	"0"	"0"	"0"	"0"	"0"	"0"	"0"	
"2:32:00::"	"she"	"."	"?"	"∅"	"?_she"	"she_."	"._∅"	"''_?_she"	"?_she_."	"she_._∅"	"._∅_∅"	"ε"	"ε"	"PRP"	"VB"	"ε"	"ε"	"ε"	"0"	"0"	"0"	"0"	"0"	"0"	"0"	"0"	"0"	"0"	"0"	"0"	"0"	"0"	"0"	"0"	"0"	"0"	"0"	"0"	"0"	"0"	"0"	"0"	"0"	"0"	"0"	"0"	"you"	"really"	"in"	"a"	"hurry"	"she"	"ask"	"0"	"0"	"0"	"0"	"0"	"0"	"0"	"0"	"0"	"0"	"0"	"0"	"0"	"0"	"0"	"0"	"0"	"0"	"0"	"0"	"0"	"0"	"0"	"0"	"0"	"0"	"0"	"0"	"0"	"0"	"0"	"0"	"0"	"0"	"0"	"0"	"0"	"0"	"0"	"0"	"0"	"0"	"0"	"0"	"0"	
"2:32:01::"	"he"	"judge_parsons"	"when"	"to"	"when_he"	"he_judge_parsons"	"judge_parsons_to"	"disclosure_when_he"	"when_he_judge_parsons"	"he_judge_parsons_to"	"judge_parsons_to_grant"	"NN"	"WRB"	"PRP"	"VB"	"NNP"	"TO"	"VB"	"0"	"0"	"0"	"0"	"0"	"0"	"0"	"0"	"0"	"0"	"0"	"0"	"0"	"0"	"0"	"0"	"0"	"0"	"0"	"0"	"0"	"0"	"0"	"0"	"0"	"0"	"0"	"0"	"0"	"0"	"0"	"bellows"	"make"	"disclosure"	"when"	"he"	"ask"	"judge_parsons"	"to"	"grant"	"his"	"client"	"alan_clements"	"a"	"trial"	"0"	"0"	"0"	"0"	"0"	"0"	"0"	"0"	"0"	"0"	"0"	"0"	"0"	"0"	"0"	"0"	"0"	"0"	"0"	"0"	"0"	"0"	"0"	"0"	"0"	"0"	"0"	"0"	"0"	"0"	"0"	"0"	"0"	"0"	"0"	
"2:32:01::"	"∅"	"to"	"∅"	"elaborate"	"∅_∅"	"∅_to"	"to_elaborate"	"∅_∅_∅"	"∅_∅_to"	"∅_to_elaborate"	"to_elaborate_,"	"ε"	"ε"	"ε"	"VB"	"TO"	"VB"	"ε"	"0"	"0"	"0"	"0"	"0"	"0"	"0"	"0"	"0"	"0"	"0"	"0"	"0"	"0"	"0"	"0"	"0"	"0"	"0"	"0"	"0"	"0"	"0"	"0"	"0"	"0"	"0"	"0"	"0"	"0"	"0"	"0"	"0"	"to"	"elaborate"	"pierre_salinger"	"white_house"	"press"	"secretary"	"reply"	"i"	"would"	"say"	"it"	"got"	"to"	"go"	"thru"	"several"	"more"	"drafts"	"0"	"0"	"0"	"0"	"0"	"0"	"0"	"0"	"0"	"0"	"0"	"0"	"0"	"0"	"0"	"0"	"0"	"0"	"0"	"0"	"0"	"0"	"0"	"0"	"0"	"0"	"0"	"0"	"0"	
"2:32:01::"	"will"	"congress"	"he"	"to"	"he_will"	"will_congress"	"congress_to"	"say_he_will"	"he_will_congress"	"will_congress_to"	"congress_to_increase"	"VB"	"PRP"	"MD"	"VB"	"NNP"	"TO"	"VB"	"0"	"0"	"0"	"0"	"0"	"0"	"0"	"0"	"0"	"0"	"0"	"0"	"0"	"0"	"0"	"0"	"0"	"0"	"0"	"0"	"0"	"0"	"0"	"0"	"0"	"0"	"0"	"0"	"0"	"0"	"0"	"the"	"president"	"he"	"will"	"ask"	"congress"	"to"	"increase"	"grants"	"to"	"states"	"for"	"vocational"	"rehabilitation"	"0"	"0"	"0"	"0"	"0"	"0"	"0"	"0"	"0"	"0"	"0"	"0"	"0"	"0"	"0"	"0"	"0"	"0"	"0"	"0"	"0"	"0"	"0"	"0"	"0"	"0"	"0"	"0"	"0"	"0"	"0"	"0"	"0"	"0"	"0"	
"2:32:01::"	"he"	"a"	"research"	"20"	"research_he"	"he_a"	"a_20"	"medical_research_he"	"research_he_a"	"he_a_20"	"a_20_million"	"JJ"	"NN"	"PRP"	"VB"	"DT"	"CD"	"CD"	"0"	"0"	"0"	"0"	"0"	"0"	"0"	"0"	"0"	"0"	"0"	"0"	"0"	"0"	"0"	"0"	"0"	"0"	"0"	"0"	"0"	"0"	"0"	"0"	"0"	"0"	"0"	"0"	"0"	"0"	"0"	"0"	"for"	"research"	"he"	"ask"	"a"	"million"	"dollar"	"a"	"year"	"increase"	"from"	"to"	"millions"	"in"	"matching"	"grants"	"for"	"build"	"research"	"facilities"	"0"	"0"	"0"	"0"	"0"	"0"	"0"	"0"	"0"	"0"	"0"	"0"	"0"	"0"	"0"	"0"	"0"	"0"	"0"	"0"	"0"	"0"	"0"	"0"	"0"	"0"	"0"	"0"	
"2:32:01::"	"∅"	"each"	"∅"	"member"	"∅_∅"	"∅_each"	"each_member"	"∅_∅_∅"	"∅_∅_each"	"∅_each_member"	"each_member_to"	"ε"	"ε"	"ε"	"VB"	"DT"	"NN"	"TO"	"0"	"0"	"0"	"0"	"0"	"0"	"0"	"0"	"0"	"0"	"0"	"0"	"0"	"0"	"0"	"0"	"0"	"0"	"0"	"0"	"0"	"0"	"0"	"0"	"0"	"0"	"0"	"0"	"0"	"0"	"0"	"0"	"0"	"each"	"member"	"to"	"write"	"a"	"statement"	"on"	"such"	"topics"	"as"	"what"	"christ"	"mean"	"to"	"me"	"what"	"the"	"church"	"mean"	"to"	"me"	"why"	"join"	"the"	"church"	"the"	"duties"	"of"	"church_members"	"etc."	"0"	"0"	"0"	"0"	"0"	"0"	"0"	"0"	"0"	"0"	"0"	"0"	"0"	"0"	"0"	"0"	"0"	
"2:32:01::"	"∅"	"each"	"∅"	"new"	"∅_∅"	"∅_each"	"each_new"	"∅_∅_∅"	"∅_∅_each"	"∅_each_new"	"each_new_member"	"ε"	"ε"	"ε"	"VB"	"DT"	"JJ"	"NN"	"0"	"0"	"0"	"0"	"0"	"0"	"0"	"0"	"0"	"0"	"0"	"0"	"0"	"0"	"0"	"0"	"0"	"0"	"0"	"0"	"0"	"0"	"0"	"0"	"0"	"0"	"0"	"0"	"0"	"0"	"0"	"0"	"0"	"each"	"new"	"member"	"to"	"bring"	"his"	"pledge"	"of"	"loyalty"	"to"	"the"	"reception"	"service"	"0"	"0"	"0"	"0"	"0"	"0"	"0"	"0"	"0"	"0"	"0"	"0"	"0"	"0"	"0"	"0"	"0"	"0"	"0"	"0"	"0"	"0"	"0"	"0"	"0"	"0"	"0"	"0"	"0"	"0"	"0"	"0"	"0"	"0"	
"2:32:01::"	"∅"	"the"	"∅"	"new"	"∅_∅"	"∅_the"	"the_new"	"∅_∅_∅"	"∅_∅_the"	"∅_the_new"	"the_new_members"	"ε"	"ε"	"ε"	"VB"	"DT"	"JJ"	"NNS"	"0"	"0"	"0"	"0"	"0"	"0"	"0"	"0"	"0"	"0"	"0"	"0"	"0"	"0"	"0"	"0"	"0"	"0"	"0"	"0"	"0"	"0"	"0"	"0"	"0"	"0"	"0"	"0"	"0"	"0"	"0"	"0"	"0"	"the"	"new"	"members"	"to"	"meet"	"thirty"	"minutes"	"before"	"the"	"service"	"to"	"complete"	"talent"	"sheets"	"and"	"pledge"	"cards"	"0"	"0"	"0"	"0"	"0"	"0"	"0"	"0"	"0"	"0"	"0"	"0"	"0"	"0"	"0"	"0"	"0"	"0"	"0"	"0"	"0"	"0"	"0"	"0"	"0"	"0"	"0"	"0"	"0"	"0"	
"2:32:01::"	","	"him"	"congregation"	"to"	"congregation_,"	",_him"	"him_to"	"the_congregation_,"	"congregation_,_him"	",_him_to"	"him_to_face"	"DT"	"NN"	"ε"	"VB"	"PRP"	"TO"	"VB"	"0"	"0"	"0"	"0"	"0"	"0"	"0"	"0"	"0"	"0"	"0"	"0"	"0"	"0"	"0"	"0"	"0"	"0"	"0"	"0"	"0"	"0"	"0"	"0"	"0"	"0"	"0"	"0"	"0"	"0"	"introduce"	"each"	"new"	"to"	"the"	"congregation"	"ask"	"him"	"to"	"face"	"the"	"congregation"	"0"	"0"	"0"	"0"	"0"	"0"	"0"	"0"	"0"	"0"	"0"	"0"	"0"	"0"	"0"	"0"	"0"	"0"	"0"	"0"	"0"	"0"	"0"	"0"	"0"	"0"	"0"	"0"	"0"	"0"	"0"	"0"	"0"	"0"	"0"	"0"	"0"	"0"	
"2:32:01::"	"may"	"the"	"he"	"council"	"he_may"	"may_the"	"the_council"	"yesterday_he_may"	"he_may_the"	"may_the_council"	"the_council_to"	"NN"	"PRP"	"MD"	"VB"	"DT"	"NN"	"TO"	"0"	"0"	"0"	"0"	"0"	"0"	"0"	"0"	"0"	"0"	"0"	"0"	"0"	"0"	"0"	"0"	"0"	"0"	"0"	"0"	"0"	"0"	"0"	"0"	"0"	"0"	"0"	"0"	"0"	"0"	"council"	"president"	"frank_sanantonio"	"yesterday"	"he"	"may"	"ask"	"the"	"council"	"to"	"formally"	"request"	"town_solicitor_michael_a._abatuno"	"to"	"draft"	"the"	"ordinance"	"0"	"0"	"0"	"0"	"0"	"0"	"0"	"0"	"0"	"0"	"0"	"0"	"0"	"0"	"0"	"0"	"0"	"0"	"0"	"0"	"0"	"0"	"0"	"0"	"0"	"0"	"0"	"0"	"0"	"0"	"0"	"0"	"0"	
"2:32:01::"	"who"	"them"	","	"to"	",_who"	"who_them"	"them_to"	"jews_,_who"	",_who_them"	"who_them_to"	"them_to_serve"	"NNPS"	"ε"	"WP"	"VB"	"PRP"	"TO"	"VB"	"to"	"the"	"generosity"	"of"	"mr._irving_j._fain"	"president"	"of"	"the"	"temple_beth_el"	"rev._dewitt_clemens"	"pastor"	"of"	"the"	"mathewson_street"	"methodist_church"	"mr._felix_miranda"	"of"	"the"	"imperial_knife_co."	"and"	"to"	"mrs._rozella_switzer"	"regional"	"director"	"of"	"the"	"national_conference"	"of"	"christians"	"and"	"jews"	"who"	"ask"	"to"	"serve"	"as"	"a"	"committee"	"for"	"the"	"fund"	"0"	"0"	"0"	"0"	"0"	"0"	"0"	"0"	"0"	"0"	"0"	"0"	"0"	"0"	"0"	"0"	"0"	"0"	"0"	"0"	"0"	"0"	"0"	"0"	"0"	"0"	"0"	"0"	"0"	"0"	"0"	"0"	"0"	"0"	"0"	"0"	"0"	"0"	"0"	
"2:32:00::"	")"	"whether"	"29"	"american"	"29_)"	")_whether"	"whether_american"	"jan._29_)"	"29_)_whether"	")_whether_american"	"whether_american_taxpayers"	"NNP"	"CD"	"ε"	"VB"	"IN"	"NNP"	"NNS"	"0"	"0"	"0"	"0"	"0"	"0"	"0"	"0"	"0"	"0"	"0"	"0"	"0"	"0"	"0"	"0"	"0"	"0"	"0"	"0"	"0"	"0"	"0"	"0"	"0"	"0"	"0"	"0"	"0"	"0"	"the"	"providence_sunday_journal"	"article"	"ask"	"whether"	"american"	"taxpayers"	"are"	"being"	"victimize"	"by"	"a"	"gigantic"	"giveaway"	"to"	"pay"	"for"	"the"	"care"	"of"	"war"	"veterans"	"who"	"have"	"non-service-connected"	"disabilities"	"sound"	"as"	"though"	"the"	"providence_journal"	"be"	"desperate"	"for"	"news"	"0"	"0"	"0"	"0"	"0"	"0"	"0"	"0"	"0"	"0"	"0"	"0"	"0"	"0"	"0"	
"2:32:00::"	"rourke"	"sadly"	","	","	",_rourke"	"rourke_sadly"	"sadly_,"	"pocket_,_rourke"	",_rourke_sadly"	"rourke_sadly_,"	"sadly_,_``"	"NN"	"ε"	"NNP"	"VB"	"RB"	"ε"	"ε"	"0"	"0"	"0"	"0"	"0"	"0"	"0"	"0"	"0"	"0"	"0"	"0"	"0"	"0"	"0"	"0"	"0"	"0"	"0"	"0"	"0"	"0"	"0"	"0"	"0"	"0"	"0"	"0"	"0"	"as"	"the"	"detective"	"slide"	"into"	"his"	"pocket"	"rourke"	"ask"	"sadly"	"what"	"in"	"hell"	"are"	"you"	"going_to"	"do"	"mike"	"0"	"0"	"0"	"0"	"0"	"0"	"0"	"0"	"0"	"0"	"0"	"0"	"0"	"0"	"0"	"0"	"0"	"0"	"0"	"0"	"0"	"0"	"0"	"0"	"0"	"0"	"0"	"0"	"0"	"0"	"0"	"0"	"0"	
"2:32:01::"	"and"	"casually"	","	","	",_and"	"and_casually"	"casually_,"	"live_,_and"	",_and_casually"	"and_casually_,"	"casually_,_``"	"VB"	"ε"	"CC"	"VB"	"RB"	"ε"	"ε"	"0"	"0"	"0"	"0"	"0"	"0"	"0"	"0"	"0"	"0"	"0"	"0"	"0"	"0"	"0"	"0"	"0"	"0"	"0"	"0"	"0"	"0"	"0"	"0"	"0"	"shayne"	"stroll"	"across"	"to"	"intercept"	"the"	"reporter"	"in_front"	"the"	"two-story"	"house"	"where"	"felice_perrin"	"live"	"and"	"ask"	"casually"	"get"	"the"	"police"	"okay"	"0"	"0"	"0"	"0"	"0"	"0"	"0"	"0"	"0"	"0"	"0"	"0"	"0"	"0"	"0"	"0"	"0"	"0"	"0"	"0"	"0"	"0"	"0"	"0"	"0"	"0"	"0"	"0"	"0"	"0"	"0"	"0"	"0"	"0"	
"2:32:01::"	"has"	"the"	"also"	"icc"	"also_has"	"has_the"	"the_icc"	"central_also_has"	"also_has_the"	"has_the_icc"	"the_icc_to"	"NNP"	"RB"	"VBZ"	"VB"	"DT"	"NNP"	"TO"	"0"	"0"	"0"	"0"	"0"	"0"	"0"	"0"	"0"	"0"	"0"	"0"	"0"	"0"	"0"	"0"	"0"	"0"	"0"	"0"	"0"	"0"	"0"	"0"	"0"	"0"	"0"	"0"	"0"	"0"	"0"	"the"	"new_york"	"also"	"has"	"ask"	"the"	"icc"	"to"	"permit"	"it"	"to"	"gain"	"control"	"of"	"the"	"b"	"o"	"0"	"0"	"0"	"0"	"0"	"0"	"0"	"0"	"0"	"0"	"0"	"0"	"0"	"0"	"0"	"0"	"0"	"0"	"0"	"0"	"0"	"0"	"0"	"0"	"0"	"0"	"0"	"0"	"0"	"0"	"0"	"0"	
"2:32:01::"	"dr._brodie"	"parents"	"why"	"not"	"why_dr._brodie"	"dr._brodie_parents"	"parents_not"	"be_why_dr._brodie"	"why_dr._brodie_parents"	"dr._brodie_parents_not"	"parents_not_to"	"VB"	"WRB"	"NNP"	"VB"	"NNS"	"RB"	"TO"	"0"	"0"	"0"	"0"	"0"	"0"	"0"	"0"	"0"	"0"	"0"	"0"	"0"	"0"	"0"	"0"	"0"	"0"	"0"	"0"	"0"	"0"	"0"	"0"	"0"	"0"	"0"	"0"	"0"	"0"	"0"	"0"	"that"	"why"	"dr._brodie"	"ask"	"parents"	"not"	"to"	"insist"	"against"	"their"	"dentist"	"advice"	"that"	"their"	"child"	"have"	"orthodontic"	"work"	"do"	"too"	"early"	"0"	"0"	"0"	"0"	"0"	"0"	"0"	"0"	"0"	"0"	"0"	"0"	"0"	"0"	"0"	"0"	"0"	"0"	"0"	"0"	"0"	"0"	"0"	"0"	"0"	"0"	"0"	
"2:32:00::"	"to"	"the"	"try"	"lady_da"	"try_to"	"to_the"	"the_lady_da"	"he_try_to"	"try_to_the"	"to_the_lady_da"	"the_lady_da_how"	"PRP"	"VB"	"TO"	"VB"	"DT"	"NNP"	"WRB"	"0"	"0"	"0"	"0"	"0"	"0"	"0"	"0"	"0"	"0"	"0"	"0"	"0"	"0"	"0"	"0"	"0"	"0"	"0"	"0"	"0"	"0"	"0"	"0"	"0"	"0"	"0"	"0"	"0"	"0"	"0"	"0"	"he"	"to"	"ask"	"the"	"lady_da"	"how"	"long"	"they"	"had"	"have"	"the"	"drug"	"and_how"	"much"	"longer"	"they"	"would"	"have"	"to"	"wait"	"before"	"they"	"have"	"it"	"again"	"0"	"0"	"0"	"0"	"0"	"0"	"0"	"0"	"0"	"0"	"0"	"0"	"0"	"0"	"0"	"0"	"0"	"0"	"0"	"0"	"0"	"0"	"0"	
"2:32:00::"	"to"	"me"	"want"	"when"	"want_to"	"to_me"	"me_when"	"you_want_to"	"want_to_me"	"to_me_when"	"me_when_b"	"PRP"	"VB"	"VB"	"VB"	"PRP"	"WRB"	"NNP"	"0"	"0"	"0"	"0"	"0"	"0"	"0"	"0"	"0"	"0"	"0"	"0"	"0"	"0"	"0"	"0"	"0"	"0"	"0"	"0"	"0"	"0"	"0"	"0"	"0"	"0"	"0"	"0"	"0"	"0"	"0"	"but"	"you"	"to"	"ask"	"me"	"when"	"b"	"dikkat"	"is"	"going_to"	"come_back"	"with"	"the"	"needle"	"0"	"0"	"0"	"0"	"0"	"0"	"0"	"0"	"0"	"0"	"0"	"0"	"0"	"0"	"0"	"0"	"0"	"0"	"0"	"0"	"0"	"0"	"0"	"0"	"0"	"0"	"0"	"0"	"0"	"0"	"0"	"0"	"0"	"0"	"0"	
"2:32:00::"	"?"	"mercer"	"'"	"."	"'_?"	"?_mercer"	"mercer_."	"''_'_?"	"'_?_mercer"	"?_mercer_."	"mercer_._∅"	"ε"	"ε"	"ε"	"VB"	"NNP"	"ε"	"ε"	"0"	"0"	"0"	"0"	"0"	"0"	"0"	"0"	"0"	"0"	"0"	"0"	"0"	"0"	"0"	"0"	"0"	"0"	"0"	"0"	"0"	"0"	"0"	"0"	"0"	"0"	"0"	"0"	"0"	"what"	"be"	"a"	"scene"	"mercer"	"0"	"0"	"0"	"0"	"0"	"0"	"0"	"0"	"0"	"0"	"0"	"0"	"0"	"0"	"0"	"0"	"0"	"0"	"0"	"0"	"0"	"0"	"0"	"0"	"0"	"0"	"0"	"0"	"0"	"0"	"0"	"0"	"0"	"0"	"0"	"0"	"0"	"0"	"0"	"0"	"0"	"0"	"0"	"0"	"0"	"0"	
"2:32:01::"	"was"	"monday"	"school_board"	"to"	"school_board_was"	"was_monday"	"monday_to"	"portland_school_board_was"	"school_board_was_monday"	"was_monday_to"	"monday_to_take"	"NNP"	"NN"	"VBD"	"VB"	"NNP"	"TO"	"VB"	"0"	"0"	"0"	"0"	"0"	"0"	"0"	"0"	"0"	"0"	"0"	"0"	"0"	"0"	"0"	"0"	"0"	"0"	"0"	"0"	"0"	"0"	"0"	"0"	"0"	"0"	"0"	"0"	"0"	"0"	"0"	"0"	"the"	"school_board"	"was"	"ask"	"monday"	"to"	"take"	"a"	"stand"	"towards"	"develop"	"and"	"coordinate"	"with"	"portland"	"civil_defense"	"more"	"plans"	"for"	"the"	"city"	"schools"	"in"	"event"	"of"	"attack"	"0"	"0"	"0"	"0"	"0"	"0"	"0"	"0"	"0"	"0"	"0"	"0"	"0"	"0"	"0"	"0"	"0"	"0"	"0"	"0"	"0"	"0"	
"2:32:01::"	"mrs._molvar"	"again"	"∅"	"that"	"∅_mrs._molvar"	"mrs._molvar_again"	"again_that"	"∅_∅_mrs._molvar"	"∅_mrs._molvar_again"	"mrs._molvar_again_that"	"again_that_the"	"ε"	"ε"	"NNP"	"VB"	"RB"	"IN"	"DT"	"0"	"0"	"0"	"0"	"0"	"0"	"0"	"0"	"0"	"0"	"0"	"0"	"0"	"0"	"0"	"0"	"0"	"0"	"0"	"0"	"0"	"0"	"0"	"0"	"0"	"0"	"0"	"0"	"0"	"0"	"0"	"0"	"0"	"ask"	"again"	"that"	"the"	"board"	"join"	"in"	"take"	"a"	"stand"	"in_keeping_with"	"jack_lowe"	"program"	"0"	"0"	"0"	"0"	"0"	"0"	"0"	"0"	"0"	"0"	"0"	"0"	"0"	"0"	"0"	"0"	"0"	"0"	"0"	"0"	"0"	"0"	"0"	"0"	"0"	"0"	"0"	"0"	"0"	"0"	"0"	"0"	"0"	"0"	
"2:32:00::"	"to"	"voters"	"decide"	"whether"	"decide_to"	"to_voters"	"voters_whether"	",_decide_to"	"decide_to_voters"	"to_voters_whether"	"voters_whether_they"	"ε"	"VB"	"TO"	"VB"	"NNS"	"IN"	"PRP"	"0"	"0"	"0"	"0"	"0"	"0"	"0"	"0"	"0"	"0"	"0"	"0"	"0"	"0"	"0"	"0"	"0"	"0"	"0"	"0"	"0"	"0"	"0"	"0"	"0"	"0"	"0"	"last"	"week"	"the"	"board"	"by"	"a"	"vote"	"decide"	"to"	"ask"	"voters"	"whether"	"they"	"prefer"	"the"	"junior_high_school"	"system"	"or"	"the"	"system"	"0"	"0"	"0"	"0"	"0"	"0"	"0"	"0"	"0"	"0"	"0"	"0"	"0"	"0"	"0"	"0"	"0"	"0"	"0"	"0"	"0"	"0"	"0"	"0"	"0"	"0"	"0"	"0"	"0"	"0"	"0"	"0"	"0"	
"2:32:00::"	"solemnly"	"the"	"them"	"proprieter"	"them_solemnly"	"solemnly_the"	"the_proprieter"	"and_them_solemnly"	"them_solemnly_the"	"solemnly_the_proprieter"	"the_proprieter_if"	"CC"	"PRP"	"RB"	"VB"	"DT"	"NN"	"IN"	"0"	"0"	"0"	"0"	"0"	"0"	"0"	"0"	"0"	"0"	"0"	"0"	"0"	"0"	"0"	"0"	"0"	"0"	"0"	"0"	"0"	"0"	"0"	"0"	"0"	"0"	"my"	"husband"	"enter"	"the"	"motel"	"office"	"sign_up"	"a"	"room"	"and"	"them"	"solemnly"	"ask"	"the"	"proprieter"	"if"	"he"	"accept"	"pets"	"0"	"0"	"0"	"0"	"0"	"0"	"0"	"0"	"0"	"0"	"0"	"0"	"0"	"0"	"0"	"0"	"0"	"0"	"0"	"0"	"0"	"0"	"0"	"0"	"0"	"0"	"0"	"0"	"0"	"0"	"0"	"0"	"0"	"0"	"0"	
"2:32:00::"	"?"	"mrs._grace_o._peck"	"''"	","	"''_?"	"?_mrs._grace_o._peck"	"mrs._grace_o._peck_,"	"contract_''_?"	"''_?_mrs._grace_o._peck"	"?_mrs._grace_o._peck_,"	"mrs._grace_o._peck_,_representative"	"NN"	"ε"	"ε"	"VB"	"NNP"	"ε"	"NN"	"0"	"0"	"0"	"0"	"0"	"0"	"0"	"0"	"0"	"0"	"0"	"0"	"0"	"0"	"0"	"0"	"0"	"0"	"0"	"0"	"0"	"0"	"0"	"0"	"0"	"do"	"you"	"feel"	"you"	"can"	"stand_up"	"to"	"the"	"legislative"	"session"	"and"	"defend"	"this"	"contract"	"ask"	"mrs._grace_o._peck"	"representative"	"from"	"multnomah_county"	"of"	"the"	"commission"	"chairman"	"joseph_e._harvey_jr."	"0"	"0"	"0"	"0"	"0"	"0"	"0"	"0"	"0"	"0"	"0"	"0"	"0"	"0"	"0"	"0"	"0"	"0"	"0"	"0"	"0"	"0"	"0"	"0"	"0"	"0"	"0"	"0"	"0"	"0"	"0"	
"2:32:04::"	"being"	"why"	"constantly"	"he"	"constantly_being"	"being_why"	"why_he"	"was_constantly_being"	"constantly_being_why"	"being_why_he"	"why_he_did"	"VBD"	"RB"	"VBG"	"VB"	"WRB"	"PRP"	"VBD"	"0"	"0"	"0"	"0"	"0"	"0"	"0"	"0"	"0"	"0"	"0"	"0"	"0"	"0"	"0"	"0"	"0"	"0"	"0"	"0"	"0"	"0"	"0"	"0"	"0"	"0"	"0"	"0"	"one"	"republican"	"senator"	"tell"	"this"	"that"	"he"	"was"	"constantly"	"being"	"ask"	"why"	"he"	"did"	"n't"	"attack"	"the"	"kennedy"	"administration"	"on"	"this"	"score"	"0"	"0"	"0"	"0"	"0"	"0"	"0"	"0"	"0"	"0"	"0"	"0"	"0"	"0"	"0"	"0"	"0"	"0"	"0"	"0"	"0"	"0"	"0"	"0"	"0"	"0"	"0"	"0"	"0"	"0"	
"2:32:01::"	"it"	"the"	"again_and_again"	"communists"	"again_and_again_it"	"it_the"	"the_communists"	"∅_again_and_again_it"	"again_and_again_it_the"	"it_the_communists"	"the_communists_to"	"ε"	"RB"	"PRP"	"VB"	"DT"	"NNPS"	"TO"	"0"	"0"	"0"	"0"	"0"	"0"	"0"	"0"	"0"	"0"	"0"	"0"	"0"	"0"	"0"	"0"	"0"	"0"	"0"	"0"	"0"	"0"	"0"	"0"	"0"	"0"	"0"	"0"	"0"	"0"	"0"	"0"	"0"	"it"	"ask"	"the"	"communists"	"to"	"freeze"	"the"	"military"	"situation"	"in"	"laos"	"0"	"0"	"0"	"0"	"0"	"0"	"0"	"0"	"0"	"0"	"0"	"0"	"0"	"0"	"0"	"0"	"0"	"0"	"0"	"0"	"0"	"0"	"0"	"0"	"0"	"0"	"0"	"0"	"0"	"0"	"0"	"0"	"0"	"0"	"0"	"0"	
"2:32:01::"	"president"	"the"	"the"	"support"	"the_president"	"president_the"	"the_support"	"∅_the_president"	"the_president_the"	"president_the_support"	"the_support_and"	"ε"	"DT"	"NNP"	"VB"	"DT"	"NN"	"CC"	"0"	"0"	"0"	"0"	"0"	"0"	"0"	"0"	"0"	"0"	"0"	"0"	"0"	"0"	"0"	"0"	"0"	"0"	"0"	"0"	"0"	"0"	"0"	"0"	"0"	"0"	"0"	"0"	"0"	"0"	"0"	"0"	"0"	"president"	"ask"	"the"	"support"	"and"	"cooperation"	"of"	"congress"	"in"	"his"	"efforts"	"through"	"the"	"enactment"	"of"	"legislation"	"to"	"provide"	"federal"	"grants"	"to"	"states"	"for"	"specified"	"efforts"	"in"	"combat"	"this"	"disturbing"	"crime"	"trend"	"0"	"0"	"0"	"0"	"0"	"0"	"0"	"0"	"0"	"0"	"0"	"0"	"0"	"0"	"0"	"0"	
"2:32:00::"	"he"	"intimate"	"∅"	"questions"	"∅_he"	"he_intimate"	"intimate_questions"	"∅_∅_he"	"∅_he_intimate"	"he_intimate_questions"	"intimate_questions_and"	"ε"	"ε"	"PRP"	"VB"	"JJ"	"NNS"	"CC"	"0"	"0"	"0"	"0"	"0"	"0"	"0"	"0"	"0"	"0"	"0"	"0"	"0"	"0"	"0"	"0"	"0"	"0"	"0"	"0"	"0"	"0"	"0"	"0"	"0"	"0"	"0"	"0"	"0"	"0"	"0"	"0"	"0"	"ask"	"intimate"	"questions"	"and"	"get"	"frank"	"answers"	"from"	"the"	"members"	"of_what"	"he"	"call"	"the"	"candidates"	"in-groups"	"0"	"0"	"0"	"0"	"0"	"0"	"0"	"0"	"0"	"0"	"0"	"0"	"0"	"0"	"0"	"0"	"0"	"0"	"0"	"0"	"0"	"0"	"0"	"0"	"0"	"0"	"0"	"0"	"0"	"0"	"0"	
"2:32:01::"	"being"	"to"	"was"	"do"	"was_being"	"being_to"	"to_do"	"gabriel_was_being"	"was_being_to"	"being_to_do"	"to_do_now"	"NNP"	"VBD"	"VBG"	"VB"	"TO"	"VB"	"RB"	"0"	"0"	"0"	"0"	"0"	"0"	"0"	"0"	"0"	"0"	"0"	"0"	"0"	"0"	"0"	"0"	"0"	"0"	"0"	"0"	"0"	"0"	"0"	"0"	"0"	"0"	"0"	"0"	"0"	"0"	"0"	"0"	"what"	"was"	"being"	"ask"	"to"	"do"	"now"	"however"	"be"	"to"	"reexamine"	"all"	"his"	"basic_assumptions"	"make"	"value-judgments"	"on"	"them"	"and"	"give"	"them"	"new"	"and"	"different"	"powers"	"in"	"his"	"mind"	"to"	"govern"	"his"	"motives"	"0"	"0"	"0"	"0"	"0"	"0"	"0"	"0"	"0"	"0"	"0"	"0"	"0"	"0"	"0"	"0"	
"2:32:01::"	"was"	"him"	"gabriel"	"to"	"gabriel_was"	"was_him"	"him_to"	"that_gabriel_was"	"gabriel_was_him"	"was_him_to"	"him_to_ratify"	"IN"	"NNP"	"VBD"	"VB"	"PRP"	"TO"	"VB"	"0"	"0"	"0"	"0"	"0"	"0"	"0"	"0"	"0"	"0"	"0"	"0"	"0"	"0"	"0"	"0"	"0"	"0"	"0"	"0"	"0"	"0"	"0"	"0"	"0"	"0"	"0"	"0"	"0"	"0"	"the"	"simple"	"treaty"	"that"	"gabriel"	"was"	"ask"	"him"	"to"	"ratify"	"in_short"	"be"	"nothing"	"less_than"	"total"	"trust"	"0"	"0"	"0"	"0"	"0"	"0"	"0"	"0"	"0"	"0"	"0"	"0"	"0"	"0"	"0"	"0"	"0"	"0"	"0"	"0"	"0"	"0"	"0"	"0"	"0"	"0"	"0"	"0"	"0"	"0"	"0"	"0"	"0"	"0"	
"2:32:00::"	"may"	"what"	"you"	"else"	"you_may"	"may_what"	"what_else"	"∅_you_may"	"you_may_what"	"may_what_else"	"what_else_there"	"ε"	"PRP"	"MD"	"VB"	"WP"	"RB"	"EX"	"0"	"0"	"0"	"0"	"0"	"0"	"0"	"0"	"0"	"0"	"0"	"0"	"0"	"0"	"0"	"0"	"0"	"0"	"0"	"0"	"0"	"0"	"0"	"0"	"0"	"0"	"0"	"0"	"0"	"0"	"0"	"0"	"0"	"may"	"ask"	"what"	"else"	"there"	"be"	"and"	"the"	"answer"	"be"	"nothing"	"nothing"	"but"	"empty"	"space"	"0"	"0"	"0"	"0"	"0"	"0"	"0"	"0"	"0"	"0"	"0"	"0"	"0"	"0"	"0"	"0"	"0"	"0"	"0"	"0"	"0"	"0"	"0"	"0"	"0"	"0"	"0"	"0"	"0"	"0"	"0"	"0"	
"2:32:00::"	"be"	":"	"might"	"``"	"might_be"	"be_:"	":_``"	"question_might_be"	"might_be_:"	"be_:_``"	":_``_do"	"NN"	"MD"	"VB"	"VB"	"ε"	"ε"	"VBP"	"0"	"0"	"0"	"0"	"0"	"0"	"0"	"0"	"0"	"0"	"0"	"0"	"0"	"0"	"0"	"0"	"0"	"0"	"0"	"0"	"0"	"0"	"0"	"0"	"0"	"0"	"0"	"0"	"0"	"0"	"0"	"0"	"the"	"might"	"be"	"ask"	"do"	"n't"	"the"	"managements"	"of"	"the"	"heavy-electrical-goods"	"manufacturers"	"know"	"these"	"facts"	"0"	"0"	"0"	"0"	"0"	"0"	"0"	"0"	"0"	"0"	"0"	"0"	"0"	"0"	"0"	"0"	"0"	"0"	"0"	"0"	"0"	"0"	"0"	"0"	"0"	"0"	"0"	"0"	"0"	"0"	"0"	"0"	"0"	
"2:32:00::"	"resist"	"how"	"not"	"he"	"not_resist"	"resist_how"	"how_he"	"could_not_resist"	"not_resist_how"	"resist_how_he"	"how_he_feel"	"MD"	"RB"	"VB"	"VB"	"WRB"	"PRP"	"VB"	"0"	"0"	"0"	"0"	"0"	"0"	"0"	"0"	"0"	"0"	"0"	"0"	"0"	"0"	"0"	"0"	"0"	"0"	"0"	"0"	"0"	"0"	"0"	"0"	"0"	"0"	"0"	"0"	"since"	"he"	"introduce"	"so_much"	"modern"	"i"	"could"	"not"	"resist"	"ask"	"how"	"he"	"feel"	"about"	"it"	"0"	"0"	"0"	"0"	"0"	"0"	"0"	"0"	"0"	"0"	"0"	"0"	"0"	"0"	"0"	"0"	"0"	"0"	"0"	"0"	"0"	"0"	"0"	"0"	"0"	"0"	"0"	"0"	"0"	"0"	"0"	"0"	"0"	"0"	"0"	"0"	"0"	
"2:32:01::"	"to"	"friends"	"had"	"or"	"had_to"	"to_friends"	"friends_or"	"have_had_to"	"had_to_friends"	"to_friends_or"	"friends_or_even"	"VB"	"VB"	"VB"	"VB"	"NNS"	"CC"	"RB"	"0"	"0"	"0"	"0"	"0"	"0"	"0"	"0"	"0"	"0"	"0"	"0"	"0"	"0"	"0"	"0"	"0"	"0"	"0"	"0"	"0"	"0"	"0"	"0"	"0"	"0"	"0"	"0"	"0"	"0"	"others"	"mention"	"that"	"might"	"have"	"had"	"to"	"ask"	"friends"	"or"	"even"	"strangers"	"for"	"help"	"and"	"that"	"to"	"be"	"stranded"	"in_a_foreign_country"	"without"	"sufficient"	"funds"	"did"	"not"	"contribute"	"to"	"international"	"understanding"	"0"	"0"	"0"	"0"	"0"	"0"	"0"	"0"	"0"	"0"	"0"	"0"	"0"	"0"	"0"	"0"	"0"	"0"	"0"	"0"	"0"	
"2:32:00::"	"could"	"each"	"i"	"individually"	"i_could"	"could_each"	"each_individually"	"soon_i_could"	"i_could_each"	"could_each_individually"	"each_individually_what"	"RB"	"PRP"	"MD"	"VB"	"DT"	"RB"	"WP"	"0"	"0"	"0"	"0"	"0"	"0"	"0"	"0"	"0"	"0"	"0"	"0"	"0"	"0"	"0"	"0"	"0"	"0"	"0"	"0"	"0"	"0"	"0"	"0"	"0"	"0"	"0"	"0"	"0"	"the"	"debate"	"need"	"no"	"controversy"	"and"	"soon"	"i"	"could"	"ask"	"each"	"individually"	"what"	"he"	"expect"	"from"	"life"	"what"	"his"	"hopes"	"be"	"and"	"what"	"his"	"fears"	"0"	"0"	"0"	"0"	"0"	"0"	"0"	"0"	"0"	"0"	"0"	"0"	"0"	"0"	"0"	"0"	"0"	"0"	"0"	"0"	"0"	"0"	"0"	"0"	"0"	"0"	
"2:32:00::"	"then"	"the"	","	"question"	",_then"	"then_the"	"the_question"	"moment_,_then"	",_then_the"	"then_the_question"	"the_question_which"	"NN"	"ε"	"RB"	"VB"	"DT"	"NN"	"WDT"	"0"	"0"	"0"	"0"	"0"	"0"	"0"	"0"	"0"	"0"	"0"	"0"	"0"	"0"	"0"	"0"	"0"	"0"	"0"	"0"	"0"	"0"	"0"	"0"	"0"	"0"	"0"	"0"	"0"	"0"	"barton"	"wait"	"for"	"long"	"moment"	"then"	"ask"	"the"	"question"	"which"	"lie"	"always"	"uppermost"	"in"	"his"	"mind"	"0"	"0"	"0"	"0"	"0"	"0"	"0"	"0"	"0"	"0"	"0"	"0"	"0"	"0"	"0"	"0"	"0"	"0"	"0"	"0"	"0"	"0"	"0"	"0"	"0"	"0"	"0"	"0"	"0"	"0"	"0"	"0"	"0"	"0"	
"2:32:00::"	"and"	"the"	"today"	"oriole"	"today_and"	"and_the"	"the_oriole"	"paul_richards_today_and"	"today_and_the"	"and_the_oriole"	"the_oriole_manager"	"NNP"	"NN"	"CC"	"VB"	"DT"	"NNP"	"NN"	"0"	"0"	"0"	"0"	"0"	"0"	"0"	"0"	"0"	"0"	"0"	"0"	"0"	"0"	"0"	"0"	"0"	"0"	"0"	"0"	"0"	"0"	"0"	"0"	"0"	"0"	"0"	"0"	"0"	"0"	"an"	"out-of-town"	"writer"	"paul_richards"	"today"	"and"	"ask"	"the"	"oriole"	"manager"	"if"	"he"	"think"	"his"	"ball_club"	"would"	"be"	"improved"	"this"	"year"	"0"	"0"	"0"	"0"	"0"	"0"	"0"	"0"	"0"	"0"	"0"	"0"	"0"	"0"	"0"	"0"	"0"	"0"	"0"	"0"	"0"	"0"	"0"	"0"	"0"	"0"	"0"	"0"	"0"	"0"	
"2:32:00::"	"he"	"."	"?"	"∅"	"?_he"	"he_."	"._∅"	"''_?_he"	"?_he_."	"he_._∅"	"._∅_∅"	"ε"	"ε"	"PRP"	"VB"	"ε"	"ε"	"ε"	"0"	"0"	"0"	"0"	"0"	"0"	"0"	"0"	"0"	"0"	"0"	"0"	"0"	"0"	"0"	"0"	"0"	"0"	"0"	"0"	"0"	"0"	"0"	"0"	"0"	"0"	"0"	"0"	"who"	"be"	"you"	"and"	"what"	"to"	"you"	"he"	"ask"	"0"	"0"	"0"	"0"	"0"	"0"	"0"	"0"	"0"	"0"	"0"	"0"	"0"	"0"	"0"	"0"	"0"	"0"	"0"	"0"	"0"	"0"	"0"	"0"	"0"	"0"	"0"	"0"	"0"	"0"	"0"	"0"	"0"	"0"	"0"	"0"	"0"	"0"	"0"	"0"	"0"	"0"	"0"	
"2:32:01::"	"girl"	"."	"the"	"∅"	"the_girl"	"girl_."	"._∅"	"?_the_girl"	"the_girl_."	"girl_._∅"	"._∅_∅"	"ε"	"DT"	"NN"	"VB"	"ε"	"ε"	"ε"	"0"	"0"	"0"	"0"	"0"	"0"	"0"	"0"	"0"	"0"	"0"	"0"	"0"	"0"	"0"	"0"	"0"	"0"	"0"	"0"	"0"	"0"	"0"	"0"	"0"	"0"	"0"	"could"	"you"	"find"	"me"	"a"	"needle"	"thread"	"the"	"girl"	"ask"	"0"	"0"	"0"	"0"	"0"	"0"	"0"	"0"	"0"	"0"	"0"	"0"	"0"	"0"	"0"	"0"	"0"	"0"	"0"	"0"	"0"	"0"	"0"	"0"	"0"	"0"	"0"	"0"	"0"	"0"	"0"	"0"	"0"	"0"	"0"	"0"	"0"	"0"	"0"	"0"	"0"	"0"	"0"	
"2:32:00::"	","	"where"	"autograph"	"he"	"autograph_,"	",_where"	"where_he"	"his_autograph_,"	"autograph_,_where"	",_where_he"	"where_he_be"	"PRP$"	"NN"	"ε"	"VB"	"WRB"	"PRP"	"VB"	"0"	"0"	"0"	"0"	"0"	"0"	"0"	"0"	"0"	"0"	"0"	"0"	"0"	"0"	"0"	"0"	"0"	"0"	"0"	"0"	"0"	"0"	"0"	"mr._dwyer"	"say"	"that"	"although"	"it"	"be"	"obvious"	"that"	"mr._rayburn"	"be"	"well"	"he"	"stop"	"give"	"the"	"youngster"	"his"	"autograph"	"ask"	"where"	"he"	"be"	"from"	"and"	"express"	"the"	"hope"	"that"	"he"	"would"	"enjoy"	"his"	"visit"	"to"	"congress"	"0"	"0"	"0"	"0"	"0"	"0"	"0"	"0"	"0"	"0"	"0"	"0"	"0"	"0"	"0"	"0"	"0"	"0"	"0"	"0"	"0"	"0"	
"2:32:00::"	"she"	"with"	"?"	"a"	"?_she"	"she_with"	"with_a"	"''_?_she"	"?_she_with"	"she_with_a"	"with_a_reportorial"	"ε"	"ε"	"PRP"	"VB"	"IN"	"DT"	"JJ"	"0"	"0"	"0"	"0"	"0"	"0"	"0"	"0"	"0"	"0"	"0"	"0"	"0"	"0"	"0"	"0"	"0"	"0"	"0"	"0"	"0"	"0"	"0"	"0"	"0"	"0"	"0"	"0"	"have"	"they"	"inherit"	"some"	"money"	"something"	"she"	"ask"	"with"	"a"	"reportorial"	"gleam"	"in"	"her"	"eye"	"0"	"0"	"0"	"0"	"0"	"0"	"0"	"0"	"0"	"0"	"0"	"0"	"0"	"0"	"0"	"0"	"0"	"0"	"0"	"0"	"0"	"0"	"0"	"0"	"0"	"0"	"0"	"0"	"0"	"0"	"0"	"0"	"0"	"0"	"0"	"0"	"0"	
"2:32:01::"	","	","	"five"	"``"	"five_,"	",_,"	",_``"	"of_five_,"	"five_,_,"	",_,_``"	",_``_what"	"IN"	"CD"	"ε"	"VB"	"ε"	"ε"	"WP"	"of"	"a"	"dairy"	"truck"	"who"	"begin"	"work"	"at"	"a."	"m."	"finish"	"before"	"breakfast"	"then"	"go_out"	"and"	"grow"	"a"	"garden"	"and"	"who"	"has"	"use"	"the"	"cannery"	"to"	"save"	"and"	"feed"	"a"	"family"	"of"	"five"	"what"	"in"	"the"	"world"	"will"	"we"	"do"	"0"	"0"	"0"	"0"	"0"	"0"	"0"	"0"	"0"	"0"	"0"	"0"	"0"	"0"	"0"	"0"	"0"	"0"	"0"	"0"	"0"	"0"	"0"	"0"	"0"	"0"	"0"	"0"	"0"	"0"	"0"	"0"	"0"	"0"	"0"	"0"	"0"	"0"	"0"	"0"	
"2:32:00::"	"n't"	"me"	"do"	"if"	"do_n't"	"n't_me"	"me_if"	"``_do_n't"	"do_n't_me"	"n't_me_if"	"me_if_i"	"ε"	"VBP"	"RB"	"VB"	"PRP"	"IN"	"PRP"	"0"	"0"	"0"	"0"	"0"	"0"	"0"	"0"	"0"	"0"	"0"	"0"	"0"	"0"	"0"	"0"	"0"	"0"	"0"	"0"	"0"	"0"	"0"	"0"	"0"	"0"	"0"	"0"	"0"	"0"	"0"	"0"	"do"	"ask"	"me"	"if"	"i"	"think"	"the"	"cannery"	"help"	"he"	"say"	"0"	"0"	"0"	"0"	"0"	"0"	"0"	"0"	"0"	"0"	"0"	"0"	"0"	"0"	"0"	"0"	"0"	"0"	"0"	"0"	"0"	"0"	"0"	"0"	"0"	"0"	"0"	"0"	"0"	"0"	"0"	"0"	"0"	"0"	"0"	"0"	"0"	
"2:32:00::"	"she"	"."	"?"	"∅"	"?_she"	"she_."	"._∅"	"''_?_she"	"?_she_."	"she_._∅"	"._∅_∅"	"ε"	"ε"	"PRP"	"VB"	"ε"	"ε"	"ε"	"0"	"0"	"0"	"0"	"0"	"0"	"0"	"0"	"0"	"0"	"0"	"0"	"0"	"0"	"0"	"0"	"0"	"0"	"0"	"0"	"0"	"0"	"0"	"0"	"0"	"0"	"0"	"how"	"do"	"you"	"know"	"you"	"love"	"enough"	"to"	"get_married"	"she"	"ask"	"0"	"0"	"0"	"0"	"0"	"0"	"0"	"0"	"0"	"0"	"0"	"0"	"0"	"0"	"0"	"0"	"0"	"0"	"0"	"0"	"0"	"0"	"0"	"0"	"0"	"0"	"0"	"0"	"0"	"0"	"0"	"0"	"0"	"0"	"0"	"0"	"0"	"0"	"0"	"0"	"0"	"0"	
"2:32:00::"	"ever"	":"	"have"	"how"	"have_ever"	"ever_:"	":_how"	"lovers_have_ever"	"have_ever_:"	"ever_:_how"	":_how_can"	"NNS"	"VBP"	"RB"	"VB"	"ε"	"WRB"	"MD"	"0"	"0"	"0"	"0"	"0"	"0"	"0"	"0"	"0"	"0"	"0"	"0"	"0"	"0"	"0"	"0"	"0"	"0"	"0"	"0"	"0"	"0"	"0"	"0"	"0"	"0"	"0"	"0"	"it"	"be"	"the"	"oldest"	"and"	"question"	"young"	"lovers"	"have"	"ever"	"ask"	"how"	"can"	"you"	"be"	"sure"	"0"	"0"	"0"	"0"	"0"	"0"	"0"	"0"	"0"	"0"	"0"	"0"	"0"	"0"	"0"	"0"	"0"	"0"	"0"	"0"	"0"	"0"	"0"	"0"	"0"	"0"	"0"	"0"	"0"	"0"	"0"	"0"	"0"	"0"	"0"	"0"	
"2:32:00::"	"she"	"if"	"∅"	"i"	"∅_she"	"she_if"	"if_i"	"∅_∅_she"	"∅_she_if"	"she_if_i"	"if_i_have"	"ε"	"ε"	"PRP"	"VB"	"IN"	"PRP"	"VB"	"0"	"0"	"0"	"0"	"0"	"0"	"0"	"0"	"0"	"0"	"0"	"0"	"0"	"0"	"0"	"0"	"0"	"0"	"0"	"0"	"0"	"0"	"0"	"0"	"0"	"0"	"0"	"0"	"0"	"0"	"0"	"0"	"0"	"ask"	"if"	"i"	"have"	"advice"	"and"	"heady"	"with_success"	"i"	"rush"	"it"	"in"	"i"	"hope"	"not"	"too"	"late"	"0"	"0"	"0"	"0"	"0"	"0"	"0"	"0"	"0"	"0"	"0"	"0"	"0"	"0"	"0"	"0"	"0"	"0"	"0"	"0"	"0"	"0"	"0"	"0"	"0"	"0"	"0"	"0"	"0"	"0"	
"2:32:01::"	"i"	"unanimous"	","	"consent"	",_i"	"i_unanimous"	"unanimous_consent"	"mr._speaker_,_i"	",_i_unanimous"	"i_unanimous_consent"	"unanimous_consent_that"	"NNP"	"ε"	"PRP"	"VB"	"JJ"	"NN"	"IN"	"0"	"0"	"0"	"0"	"0"	"0"	"0"	"0"	"0"	"0"	"0"	"0"	"0"	"0"	"0"	"0"	"0"	"0"	"0"	"0"	"0"	"0"	"0"	"0"	"0"	"0"	"0"	"0"	"0"	"0"	"0"	"0"	"mr._speaker"	"ask"	"unanimous"	"consent"	"that"	"all"	"members"	"who"	"desire"	"to"	"do"	"so"	"may"	"extend"	"their"	"remarks"	"at"	"this"	"point"	"in"	"the"	"record"	"and"	"also"	"that"	"they"	"may"	"have"	"legislative"	"days"	"in_which"	"to"	"extend"	"their"	"remarks"	"0"	"0"	"0"	"0"	"0"	"0"	"0"	"0"	"0"	"0"	"0"	"0"	"0"	
"2:32:01::"	"had"	"for"	"president"	"."	"president_had"	"had_for"	"for_."	"the_president_had"	"president_had_for"	"had_for_."	"for_._∅"	"DT"	"NNP"	"VBD"	"VB"	"VB"	"ε"	"ε"	"0"	"0"	"0"	"0"	"0"	"0"	"0"	"0"	"in_all"	"the"	"senate"	"sign"	"a"	"check"	"for"	"billion"	"which"	"not_only"	"include"	"the"	"extra"	"billion"	"request"	"the"	"week"	"before"	"by"	"president_kennedy"	"but"	"tack_on"	"million"	"more_than"	"the"	"had"	"ask"	"for"	"0"	"0"	"0"	"0"	"0"	"0"	"0"	"0"	"0"	"0"	"0"	"0"	"0"	"0"	"0"	"0"	"0"	"0"	"0"	"0"	"0"	"0"	"0"	"0"	"0"	"0"	"0"	"0"	"0"	"0"	"0"	"0"	"0"	"0"	"0"	"0"	"0"	"0"	"0"	"0"	"0"	"0"	"0"	"0"	
"2:32:01::"	"has"	"that"	"school_superintendent"	"the"	"school_superintendent_has"	"has_that"	"that_the"	"county_school_superintendent_has"	"school_superintendent_has_that"	"has_that_the"	"that_the_board_of_education"	"NN"	"NN"	"VBZ"	"VB"	"IN"	"DT"	"NN"	"0"	"0"	"0"	"0"	"0"	"0"	"0"	"0"	"0"	"0"	"0"	"0"	"0"	"0"	"0"	"0"	"0"	"0"	"0"	"0"	"0"	"0"	"0"	"0"	"0"	"0"	"0"	"0"	"0"	"0"	"0"	"the"	"anne_arundel"	"school_superintendent"	"has"	"ask"	"that"	"the"	"board_of_education"	"return"	"to"	"the"	"practice"	"of"	"recording"	"its"	"proceedings"	"mechanically"	"so_that"	"there"	"will"	"be"	"no_more"	"question"	"about"	"who"	"say"	"what"	"0"	"0"	"0"	"0"	"0"	"0"	"0"	"0"	"0"	"0"	"0"	"0"	"0"	"0"	"0"	"0"	"0"	"0"	"0"	"0"	"0"	"0"	
"2:32:01::"	"not"	"for"	"should"	"everything"	"should_not"	"not_for"	"for_everything"	"one_should_not"	"should_not_for"	"not_for_everything"	"for_everything_."	"CD"	"MD"	"RB"	"VB"	"VB"	"NN"	"ε"	"0"	"0"	"0"	"0"	"0"	"0"	"0"	"0"	"0"	"0"	"0"	"0"	"0"	"0"	"0"	"0"	"0"	"0"	"0"	"0"	"0"	"0"	"0"	"0"	"0"	"0"	"0"	"0"	"0"	"0"	"0"	"0"	"but"	"should"	"not"	"ask"	"for"	"everything"	"0"	"0"	"0"	"0"	"0"	"0"	"0"	"0"	"0"	"0"	"0"	"0"	"0"	"0"	"0"	"0"	"0"	"0"	"0"	"0"	"0"	"0"	"0"	"0"	"0"	"0"	"0"	"0"	"0"	"0"	"0"	"0"	"0"	"0"	"0"	"0"	"0"	"0"	"0"	"0"	"0"	"0"	
"2:32:00::"	"and"	"whether"	"staff"	"his"	"staff_and"	"and_whether"	"whether_his"	"'s_staff_and"	"staff_and_whether"	"and_whether_his"	"whether_his_orchestra"	"POS"	"NN"	"CC"	"VB"	"IN"	"PRP$"	"NN"	"0"	"0"	"0"	"0"	"0"	"0"	"0"	"0"	"0"	"0"	"0"	"0"	"0"	"0"	"0"	"0"	"0"	"0"	"0"	"0"	"0"	"0"	"0"	"0"	"0"	"0"	"he"	"say"	"he"	"contact"	"a"	"friend"	"henry_hall_wilson"	"the"	"president"	"staff"	"and"	"ask"	"whether"	"his"	"orchestra"	"could"	"play"	"in"	"the"	"series"	"0"	"0"	"0"	"0"	"0"	"0"	"0"	"0"	"0"	"0"	"0"	"0"	"0"	"0"	"0"	"0"	"0"	"0"	"0"	"0"	"0"	"0"	"0"	"0"	"0"	"0"	"0"	"0"	"0"	"0"	"0"	"0"	"0"	"0"	
"2:32:01::"	"he"	"for"	"``"	"money"	"``_he"	"he_for"	"for_money"	",_``_he"	"``_he_for"	"he_for_money"	"for_money_''"	"ε"	"ε"	"PRP"	"VB"	"VB"	"NN"	"ε"	"0"	"0"	"0"	"0"	"0"	"0"	"0"	"0"	"0"	"0"	"0"	"0"	"0"	"0"	"0"	"0"	"0"	"0"	"0"	"0"	"0"	"0"	"0"	"0"	"0"	"0"	"0"	"0"	"0"	"0"	"0"	"rachel"	"say"	"ask"	"for"	"money"	"0"	"0"	"0"	"0"	"0"	"0"	"0"	"0"	"0"	"0"	"0"	"0"	"0"	"0"	"0"	"0"	"0"	"0"	"0"	"0"	"0"	"0"	"0"	"0"	"0"	"0"	"0"	"0"	"0"	"0"	"0"	"0"	"0"	"0"	"0"	"0"	"0"	"0"	"0"	"0"	"0"	"0"	"0"	"0"	
"2:32:00::"	"to"	"any"	"ready"	"question"	"ready_to"	"to_any"	"any_question"	",_ready_to"	"ready_to_any"	"to_any_question"	"any_question_at_all"	"ε"	"JJ"	"JJ"	"VB"	"DT"	"NN"	"RB"	"0"	"0"	"0"	"0"	"0"	"0"	"0"	"0"	"0"	"0"	"0"	"0"	"0"	"0"	"0"	"0"	"0"	"0"	"0"	"0"	"0"	"0"	"0"	"0"	"0"	"0"	"0"	"0"	"0"	"i"	"say"	"quietly"	"gain"	"ready"	"to"	"ask"	"any"	"question"	"at_all"	"no_matter_how"	"intimate"	"ready_to"	"be"	"rebuff"	"then"	"why"	"did"	"she"	"leave"	"israel"	"0"	"0"	"0"	"0"	"0"	"0"	"0"	"0"	"0"	"0"	"0"	"0"	"0"	"0"	"0"	"0"	"0"	"0"	"0"	"0"	"0"	"0"	"0"	"0"	"0"	"0"	"0"	"0"	"0"	"0"	
"2:32:00::"	"well"	"about"	"might"	"any"	"might_well"	"well_about"	"about_any"	"joiner_might_well"	"might_well_about"	"well_about_any"	"about_any_organization"	"NN"	"MD"	"RB"	"VB"	"IN"	"DT"	"NN"	"0"	"0"	"0"	"0"	"0"	"0"	"0"	"0"	"0"	"0"	"0"	"0"	"0"	"0"	"0"	"0"	"0"	"0"	"0"	"0"	"0"	"0"	"0"	"0"	"according"	"to"	"the"	"chicago_tribune_news_service"	"state_atty._gen._stanley_mosk"	"of"	"california"	"has"	"devise"	"series"	"of"	"questions"	"which"	"the"	"joiner"	"might"	"well"	"ask"	"about"	"any"	"organization"	"seek"	"his"	"money"	"and"	"his"	"name"	"0"	"0"	"0"	"0"	"0"	"0"	"0"	"0"	"0"	"0"	"0"	"0"	"0"	"0"	"0"	"0"	"0"	"0"	"0"	"0"	"0"	"0"	"0"	"0"	"0"	"0"	"0"	"0"	"0"	
"2:32:00::"	"joiner"	"these"	"would-be"	"questions"	"would-be_joiner"	"joiner_these"	"these_questions"	"the_would-be_joiner"	"would-be_joiner_these"	"joiner_these_questions"	"these_questions_he"	"DT"	"JJ"	"NN"	"VB"	"DT"	"NNS"	"PRP"	"0"	"0"	"0"	"0"	"0"	"0"	"0"	"0"	"0"	"0"	"0"	"0"	"0"	"0"	"0"	"0"	"0"	"0"	"0"	"0"	"0"	"0"	"0"	"0"	"0"	"0"	"0"	"0"	"0"	"0"	"0"	"0"	"if"	"would-be"	"joiner"	"ask"	"these"	"questions"	"he"	"be"	"not"	"likely"	"to"	"be"	"dupe"	"by"	"extremists"	"who"	"are"	"seek"	"to"	"capitalize"	"on"	"the"	"confusions"	"and"	"the"	"patriotic"	"apprehensions"	"of"	"americans"	"in"	"a"	"troubled"	"time"	"0"	"0"	"0"	"0"	"0"	"0"	"0"	"0"	"0"	"0"	"0"	"0"	"0"	"0"	"0"	
"2:32:01::"	"letters"	"for"	"'s"	"a"	"'s_letters"	"letters_for"	"for_a"	"friday_'s_letters"	"'s_letters_for"	"letters_for_a"	"for_a_nov."	"NNP"	"POS"	"NNS"	"VB"	"VB"	"DT"	"NNP"	"0"	"0"	"0"	"0"	"0"	"0"	"0"	"0"	"0"	"0"	"0"	"0"	"0"	"0"	"0"	"0"	"0"	"0"	"0"	"0"	"0"	"0"	"0"	"0"	"0"	"0"	"0"	"0"	"0"	"0"	"0"	"0"	"friday"	"ask"	"for"	"a"	"nov."	"meeting"	"0"	"0"	"0"	"0"	"0"	"0"	"0"	"0"	"0"	"0"	"0"	"0"	"0"	"0"	"0"	"0"	"0"	"0"	"0"	"0"	"0"	"0"	"0"	"0"	"0"	"0"	"0"	"0"	"0"	"0"	"0"	"0"	"0"	"0"	"0"	"0"	"0"	"0"	"0"	"0"	"0"	"0"	
"2:32:00::"	"school"	"what"	"the"	"shampoo"	"the_school"	"school_what"	"what_shampoo"	"to_the_school"	"the_school_what"	"school_what_shampoo"	"what_shampoo_they"	"TO"	"DT"	"NN"	"VB"	"WP"	"NN"	"PRP"	"0"	"0"	"0"	"0"	"0"	"0"	"0"	"0"	"0"	"0"	"0"	"0"	"0"	"0"	"0"	"0"	"0"	"0"	"0"	"0"	"0"	"0"	"0"	"0"	"0"	"0"	"0"	"0"	"0"	"0"	"0"	"0"	"visitors"	"the"	"school"	"ask"	"what"	"shampoo"	"they"	"use"	"on"	"the"	"children"	"hair"	"to"	"bring_out"	"the"	"sheen"	"0"	"0"	"0"	"0"	"0"	"0"	"0"	"0"	"0"	"0"	"0"	"0"	"0"	"0"	"0"	"0"	"0"	"0"	"0"	"0"	"0"	"0"	"0"	"0"	"0"	"0"	"0"	"0"	"0"	"0"	"0"	"0"	
"2:32:00::"	"i"	"the"	"formosa"	"same"	"formosa_i"	"i_the"	"the_same"	"in_formosa_i"	"formosa_i_the"	"i_the_same"	"the_same_question"	"VB"	"NNP"	"PRP"	"VB"	"DT"	"JJ"	"NN"	"0"	"0"	"0"	"0"	"0"	"0"	"0"	"0"	"0"	"0"	"0"	"0"	"0"	"0"	"0"	"0"	"0"	"0"	"0"	"0"	"0"	"0"	"0"	"0"	"0"	"0"	"0"	"0"	"0"	"0"	"0"	"everywhere"	"i"	"in"	"formosa"	"i"	"ask"	"the"	"same"	"question"	"0"	"0"	"0"	"0"	"0"	"0"	"0"	"0"	"0"	"0"	"0"	"0"	"0"	"0"	"0"	"0"	"0"	"0"	"0"	"0"	"0"	"0"	"0"	"0"	"0"	"0"	"0"	"0"	"0"	"0"	"0"	"0"	"0"	"0"	"0"	"0"	"0"	"0"	"0"	"0"	
"2:32:00::"	"?"	"the"	"''"	"gas_station"	"''_?"	"?_the"	"the_gas_station"	"ha_''_?"	"''_?_the"	"?_the_gas_station"	"the_gas_station_man"	"UH"	"ε"	"ε"	"VB"	"DT"	"NN"	"NN"	"0"	"0"	"0"	"0"	"0"	"0"	"0"	"0"	"0"	"0"	"0"	"0"	"0"	"0"	"0"	"0"	"0"	"0"	"0"	"0"	"0"	"0"	"0"	"0"	"0"	"0"	"0"	"where"	"do"	"you"	"put"	"the"	"lighter"	"ha"	"ha"	"ask"	"the"	"gas_station"	"man"	"0"	"0"	"0"	"0"	"0"	"0"	"0"	"0"	"0"	"0"	"0"	"0"	"0"	"0"	"0"	"0"	"0"	"0"	"0"	"0"	"0"	"0"	"0"	"0"	"0"	"0"	"0"	"0"	"0"	"0"	"0"	"0"	"0"	"0"	"0"	"0"	"0"	"0"	"0"	"0"	"0"	
"2:32:02::"	","	"and"	"comments"	"answer"	"comments_,"	",_and"	"and_answer"	"make_comments_,"	"comments_,_and"	",_and_answer"	"and_answer_questions"	"VB"	"NNS"	"ε"	"VB"	"CC"	"VB"	"NNS"	"0"	"0"	"0"	"0"	"0"	"0"	"0"	"0"	"0"	"0"	"0"	"0"	"0"	"0"	"0"	"0"	"0"	"0"	"0"	"0"	"the"	"mediums"	"with"	"whom"	"the"	"parapsychology_foundation"	"is"	"work"	"in_this"	"experiment"	"be"	"in"	"a"	"or"	"only"	"slightly"	"dissociated"	"state"	"so_that"	"the"	"sitter"	"can"	"make"	"comments"	"ask"	"and"	"answer"	"questions"	"instead"	"of"	"talk"	"with"	"a"	"control"	"who"	"speak"	"through"	"an"	"entranced"	"sensitive"	"0"	"0"	"0"	"0"	"0"	"0"	"0"	"0"	"0"	"0"	"0"	"0"	"0"	"0"	"0"	"0"	"0"	"0"	"0"	"0"	
"2:32:00::"	"if"	"how"	"∅"	"she"	"∅_if"	"if_how"	"how_she"	"∅_∅_if"	"∅_if_how"	"if_how_she"	"how_she_get"	"ε"	"ε"	"IN"	"VB"	"WRB"	"PRP"	"VB"	"0"	"0"	"0"	"0"	"0"	"0"	"0"	"0"	"0"	"0"	"0"	"0"	"0"	"0"	"0"	"0"	"0"	"0"	"0"	"0"	"0"	"0"	"0"	"0"	"0"	"0"	"0"	"0"	"0"	"0"	"0"	"0"	"0"	"ask"	"how"	"she"	"get"	"her"	"impressions"	"she"	"probably"	"can"	"only"	"say"	"that"	"she"	"just"	"get"	"them"	"some"	"more"	"vividly"	"than"	"0"	"0"	"0"	"0"	"0"	"0"	"0"	"0"	"0"	"0"	"0"	"0"	"0"	"0"	"0"	"0"	"0"	"0"	"0"	"0"	"0"	"0"	"0"	"0"	"0"	"0"	"0"	
"2:32:00::"	"can"	"seriously"	"one"	"whether"	"one_can"	"can_seriously"	"seriously_whether"	",_one_can"	"one_can_seriously"	"can_seriously_whether"	"seriously_whether_our"	"ε"	"CD"	"MD"	"VB"	"RB"	"IN"	"PRP$"	"0"	"0"	"0"	"0"	"0"	"0"	"0"	"0"	"0"	"0"	"0"	"0"	"0"	"0"	"0"	"0"	"0"	"0"	"0"	"0"	"0"	"0"	"0"	"0"	"0"	"0"	"besides"	"the"	"lack"	"of"	"an"	"adequate"	"ethical"	"to"	"the"	"governor"	"case"	"one"	"can"	"ask"	"seriously"	"whether"	"our"	"lead"	"over"	"the"	"russians"	"in"	"quality"	"and"	"quantity"	"of"	"nuclear_weapons"	"be"	"so"	"slight"	"as"	"to"	"make"	"the"	"tests"	"absolutely"	"necessary"	"0"	"0"	"0"	"0"	"0"	"0"	"0"	"0"	"0"	"0"	"0"	"0"	"0"	"0"	"0"	"0"	"0"	
"2:32:00::"	"australian"	"."	"the"	"∅"	"the_australian"	"australian_."	"._∅"	"?_the_australian"	"the_australian_."	"australian_._∅"	"._∅_∅"	"ε"	"DT"	"JJ"	"VB"	"ε"	"ε"	"ε"	"0"	"0"	"0"	"0"	"0"	"0"	"0"	"0"	"0"	"0"	"0"	"0"	"0"	"0"	"0"	"0"	"0"	"0"	"0"	"0"	"0"	"0"	"0"	"0"	"0"	"0"	"0"	"that"	"smell"	"be"	"something"	"eh"	"mate"	"australian"	"ask"	"0"	"0"	"0"	"0"	"0"	"0"	"0"	"0"	"0"	"0"	"0"	"0"	"0"	"0"	"0"	"0"	"0"	"0"	"0"	"0"	"0"	"0"	"0"	"0"	"0"	"0"	"0"	"0"	"0"	"0"	"0"	"0"	"0"	"0"	"0"	"0"	"0"	"0"	"0"	"0"	"0"	"0"	"0"	"0"	"0"	
"2:32:01::"	","	"for"	"room"	"his"	"room_,"	",_for"	"for_his"	"sick_room_,"	"room_,_for"	",_for_his"	"for_his_presence"	"JJ"	"NN"	"ε"	"VB"	"VB"	"PRP$"	"NN"	"0"	"0"	"0"	"0"	"0"	"0"	"0"	"0"	"0"	"0"	"0"	"0"	"0"	"0"	"0"	"0"	"0"	"0"	"0"	"0"	"0"	"0"	"0"	"0"	"0"	"0"	"0"	"0"	"how"	"often"	"have"	"i"	"look_to"	"when"	"enter"	"the"	"sick"	"room"	"ask"	"for"	"his"	"presence"	"and"	"help"	"in"	"my"	"professional"	"duties"	"as"	"i"	"give"	"my"	"talents"	"not_only"	"as"	"the"	"world"	"giveth"	"but"	"as"	"one"	"who"	"love"	"the"	"saviour"	"and"	"his"	"creatures"	"0"	"0"	"0"	"0"	"0"	"0"	"0"	"0"	"0"	"0"	"0"	"0"	
"2:32:00::"	"minister"	"themselves"	"a"	"if"	"a_minister"	"minister_themselves"	"themselves_if"	"and_a_minister"	"a_minister_themselves"	"minister_themselves_if"	"themselves_if_there"	"CC"	"DT"	"NN"	"VB"	"PRP"	"IN"	"EX"	"0"	"0"	"0"	"0"	"0"	"0"	"0"	"0"	"0"	"0"	"0"	"0"	"0"	"0"	"0"	"0"	"0"	"0"	"0"	"0"	"0"	"0"	"0"	"0"	"fifteen"	"years"	"ago"	"trouble"	"by"	"the"	"rising_tide"	"of"	"materialism"	"the"	"world"	"a"	"businessman"	"and"	"a"	"minister"	"ask"	"themselves"	"if"	"there"	"might_not"	"be"	"a"	"place"	"for"	"a"	"small"	"magazine"	"in_which"	"men"	"and"	"women"	"regardless_of"	"creed"	"or"	"color"	"could"	"set_forth"	"boldly"	"their"	"religious"	"convictions"	"and"	"bear_witness"	"to"	"the"	"power"	"of"	"faith"	"to"	"solve"	"the"	"endless"	"problems"	"of"	"live"	
"2:32:00::"	"just"	"questions"	"n't"	"."	"n't_just"	"just_questions"	"questions_."	"did_n't_just"	"n't_just_questions"	"just_questions_."	"questions_._∅"	"VBD"	"RB"	"RB"	"VB"	"NNS"	"ε"	"ε"	"0"	"0"	"0"	"0"	"0"	"0"	"0"	"0"	"0"	"0"	"for_example"	"early"	"in"	"my"	"life"	"when"	"one"	"of"	"my"	"editorial"	"workers"	"want"	"to"	"find_out"	"how"	"churches"	"and"	"philanthropic"	"organizations"	"meet"	"the"	"needs"	"of"	"down-and-outers"	"he"	"did"	"n't"	"just"	"ask"	"questions"	"0"	"0"	"0"	"0"	"0"	"0"	"0"	"0"	"0"	"0"	"0"	"0"	"0"	"0"	"0"	"0"	"0"	"0"	"0"	"0"	"0"	"0"	"0"	"0"	"0"	"0"	"0"	"0"	"0"	"0"	"0"	"0"	"0"	"0"	"0"	"0"	"0"	"0"	"0"	"0"	
"2:32:00::"	"i"	"myself"	","	"?"	",_i"	"i_myself"	"myself_?"	"it_,_i"	",_i_myself"	"i_myself_?"	"myself_?_∅"	"PRP"	"ε"	"PRP"	"VB"	"PRP"	"ε"	"ε"	"0"	"0"	"0"	"0"	"0"	"0"	"0"	"0"	"0"	"0"	"0"	"0"	"0"	"0"	"0"	"0"	"0"	"0"	"0"	"0"	"0"	"0"	"0"	"0"	"0"	"0"	"0"	"0"	"0"	"0"	"what"	"should"	"i"	"about"	"it"	"i"	"ask"	"myself"	"0"	"0"	"0"	"0"	"0"	"0"	"0"	"0"	"0"	"0"	"0"	"0"	"0"	"0"	"0"	"0"	"0"	"0"	"0"	"0"	"0"	"0"	"0"	"0"	"0"	"0"	"0"	"0"	"0"	"0"	"0"	"0"	"0"	"0"	"0"	"0"	"0"	"0"	"0"	"0"	"0"	"0"	
"2:32:00::"	"?"	"the"	"''"	"lady"	"''_?"	"?_the"	"the_lady"	"work_''_?"	"''_?_the"	"?_the_lady"	"the_lady_."	"NN"	"ε"	"ε"	"VB"	"DT"	"NN"	"ε"	"0"	"0"	"0"	"0"	"0"	"0"	"0"	"0"	"0"	"0"	"0"	"0"	"0"	"0"	"0"	"0"	"0"	"0"	"0"	"0"	"0"	"0"	"0"	"0"	"0"	"0"	"0"	"0"	"0"	"0"	"0"	"0"	"work"	"the"	"lady"	"0"	"0"	"0"	"0"	"0"	"0"	"0"	"0"	"0"	"0"	"0"	"0"	"0"	"0"	"0"	"0"	"0"	"0"	"0"	"0"	"0"	"0"	"0"	"0"	"0"	"0"	"0"	"0"	"0"	"0"	"0"	"0"	"0"	"0"	"0"	"0"	"0"	"0"	"0"	"0"	"0"	"0"	"0"	"0"	"0"	
"2:32:00::"	","	"helva"	"''"	"politely"	"''_,"	",_helva"	"helva_politely"	"sir_''_,"	"''_,_helva"	",_helva_politely"	"helva_politely_,"	"NN"	"ε"	"ε"	"VB"	"NNP"	"RB"	"ε"	"0"	"0"	"0"	"0"	"0"	"0"	"0"	"0"	"0"	"0"	"0"	"0"	"0"	"0"	"0"	"0"	"0"	"0"	"0"	"0"	"0"	"0"	"0"	"0"	"0"	"0"	"0"	"0"	"0"	"0"	"are"	"you"	"refer"	"ask"	"helva"	"politely"	"to"	"the"	"dark_age"	"discussions"	"of"	"the"	"number"	"of"	"angels"	"who"	"could"	"stand"	"on"	"the"	"head"	"of"	"a"	"pin"	"0"	"0"	"0"	"0"	"0"	"0"	"0"	"0"	"0"	"0"	"0"	"0"	"0"	"0"	"0"	"0"	"0"	"0"	"0"	"0"	"0"	"0"	"0"	"0"	"0"	"0"	
"2:32:01::"	"be"	"''"	"do"	","	"do_be"	"be_''"	"''_,"	"to_do_be"	"do_be_''"	"be_''_,"	"''_,_he"	"VB"	"VB"	"VB"	"VB"	"ε"	"ε"	"PRP"	"0"	"0"	"0"	"0"	"0"	"0"	"0"	"0"	"0"	"0"	"0"	"0"	"0"	"0"	"0"	"0"	"0"	"0"	"0"	"0"	"0"	"0"	"0"	"0"	"0"	"0"	"0"	"0"	"0"	"0"	"all"	"you"	"have"	"do"	"be"	"ask"	"he"	"retort"	"hopefully"	"0"	"0"	"0"	"0"	"0"	"0"	"0"	"0"	"0"	"0"	"0"	"0"	"0"	"0"	"0"	"0"	"0"	"0"	"0"	"0"	"0"	"0"	"0"	"0"	"0"	"0"	"0"	"0"	"0"	"0"	"0"	"0"	"0"	"0"	"0"	"0"	"0"	"0"	"0"	"0"	"0"	
"2:32:00::"	"he"	"."	"?"	"∅"	"?_he"	"he_."	"._∅"	"''_?_he"	"?_he_."	"he_._∅"	"._∅_∅"	"ε"	"ε"	"PRP"	"VB"	"ε"	"ε"	"ε"	"0"	"0"	"0"	"0"	"0"	"0"	"0"	"0"	"0"	"0"	"0"	"0"	"0"	"0"	"0"	"0"	"0"	"0"	"0"	"0"	"0"	"0"	"0"	"0"	"0"	"0"	"0"	"0"	"0"	"0"	"0"	"you"	"mr._nelson"	"ask"	"0"	"0"	"0"	"0"	"0"	"0"	"0"	"0"	"0"	"0"	"0"	"0"	"0"	"0"	"0"	"0"	"0"	"0"	"0"	"0"	"0"	"0"	"0"	"0"	"0"	"0"	"0"	"0"	"0"	"0"	"0"	"0"	"0"	"0"	"0"	"0"	"0"	"0"	"0"	"0"	"0"	"0"	"0"	"0"	"0"	"0"	
"2:32:01::"	"hughes"	","	","	"``"	",_hughes"	"hughes_,"	",_``"	"''_,_hughes"	",_hughes_,"	"hughes_,_``"	",_``_a"	"ε"	"ε"	"NNP"	"VB"	"ε"	"ε"	"DT"	"0"	"0"	"0"	"0"	"0"	"0"	"0"	"0"	"0"	"0"	"0"	"0"	"0"	"0"	"0"	"0"	"0"	"0"	"0"	"0"	"0"	"0"	"0"	"call"	"the"	"democrats"	"the"	"party"	"that"	"live"	"breathe"	"and"	"think"	"the"	"good"	"of"	"the"	"people"	"hughes"	"ask"	"a"	"representative"	"democratic"	"vote"	"in"	"the"	"primary"	"for"	"a"	"springboard"	"toward"	"victory"	"in"	"november"	"0"	"0"	"0"	"0"	"0"	"0"	"0"	"0"	"0"	"0"	"0"	"0"	"0"	"0"	"0"	"0"	"0"	"0"	"0"	"0"	"0"	"0"	"0"	"0"	"0"	"0"	
"2:32:01::"	"petitions"	"for"	"∅"	"a"	"∅_petitions"	"petitions_for"	"for_a"	"∅_∅_petitions"	"∅_petitions_for"	"petitions_for_a"	"for_a_jail"	"ε"	"ε"	"NNS"	"VB"	"VB"	"DT"	"NN"	"0"	"0"	"0"	"0"	"0"	"0"	"0"	"0"	"0"	"0"	"0"	"0"	"0"	"0"	"0"	"0"	"0"	"0"	"0"	"0"	"0"	"0"	"0"	"0"	"0"	"0"	"0"	"0"	"0"	"0"	"0"	"0"	"0"	"ask"	"for"	"a"	"jail"	"term"	"for"	"norristown"	"attorney"	"julian_w._barnard"	"will"	"be_presented"	"to"	"the"	"montgomery_county_court_friday"	"it"	"was_disclosed"	"tuesday"	"by"	"horace_a._davenport"	"counsel"	"for"	"the"	"widow"	"of"	"the"	"man"	"kill"	"last"	"nov."	"by"	"barnard"	"hit-run"	"car"	"0"	"0"	"0"	"0"	"0"	"0"	"0"	"0"	"0"	"0"	"0"	"0"	"0"	"0"	
"2:32:01::"	"has"	"congress"	"defense_secretary_robert_s._mcnamara"	"for"	"defense_secretary_robert_s._mcnamara_has"	"has_congress"	"congress_for"	"∅_defense_secretary_robert_s._mcnamara_has"	"defense_secretary_robert_s._mcnamara_has_congress"	"has_congress_for"	"congress_for_authority"	"ε"	"NNP"	"VBZ"	"VB"	"NNP"	"IN"	"NN"	"0"	"0"	"0"	"0"	"0"	"0"	"0"	"0"	"0"	"0"	"0"	"0"	"0"	"0"	"0"	"0"	"0"	"0"	"0"	"0"	"0"	"0"	"0"	"0"	"0"	"0"	"0"	"0"	"0"	"0"	"0"	"0"	"0"	"has"	"ask"	"congress"	"for"	"authority"	"and"	"funds"	"to"	"build"	"fallout"	"shelters"	"cost"	"about"	"million"	"dollars"	"0"	"0"	"0"	"0"	"0"	"0"	"0"	"0"	"0"	"0"	"0"	"0"	"0"	"0"	"0"	"0"	"0"	"0"	"0"	"0"	"0"	"0"	"0"	"0"	"0"	"0"	"0"	"0"	"0"	"0"	"0"	"0"	
"2:32:01::"	"further"	"that"	"resolution"	"polling_place"	"resolution_further"	"further_that"	"that_polling_place"	"the_resolution_further"	"resolution_further_that"	"further_that_polling_place"	"that_polling_place_proprietors"	"DT"	"NN"	"JJ"	"VB"	"IN"	"NN"	"NNS"	"0"	"0"	"0"	"0"	"0"	"0"	"0"	"0"	"0"	"0"	"0"	"0"	"0"	"0"	"0"	"0"	"0"	"0"	"0"	"0"	"0"	"0"	"0"	"0"	"0"	"0"	"0"	"0"	"0"	"0"	"0"	"0"	"the"	"further"	"ask"	"that"	"polling_place"	"proprietors"	"affix"	"an"	"attachment"	"to"	"their"	"premises"	"for"	"the"	"display"	"of"	"the"	"flag"	"0"	"0"	"0"	"0"	"0"	"0"	"0"	"0"	"0"	"0"	"0"	"0"	"0"	"0"	"0"	"0"	"0"	"0"	"0"	"0"	"0"	"0"	"0"	"0"	"0"	"0"	"0"	"0"	"0"	"0"	
"2:32:01::"	","	"the"	"committee"	"department_of_justice"	"committee_,"	",_the"	"the_department_of_justice"	"means_committee_,"	"committee_,_the"	",_the_department_of_justice"	"the_department_of_justice_for"	"NNP"	"NN"	"ε"	"VB"	"DT"	"NN"	"IN"	"0"	"0"	"0"	"0"	"0"	"0"	"0"	"0"	"0"	"0"	"0"	"0"	"0"	"0"	"0"	"0"	"0"	"0"	"0"	"0"	"0"	"0"	"0"	"0"	"0"	"0"	"0"	"0"	"congressman_wilbur_d._mills"	"chairman"	"of"	"the"	"house"	"and"	"means"	"committee"	"ask"	"the"	"department_of_justice"	"for"	"its"	"views"	"on"	"these"	"legislative"	"proposals"	"as"	"they"	"relate"	"to"	"anti-trust"	"law_enforcement"	"0"	"0"	"0"	"0"	"0"	"0"	"0"	"0"	"0"	"0"	"0"	"0"	"0"	"0"	"0"	"0"	"0"	"0"	"0"	"0"	"0"	"0"	"0"	"0"	"0"	"0"	"0"	"0"	
"2:32:00::"	"had"	"him"	"he"	"what"	"he_had"	"had_him"	"him_what"	"when_he_had"	"he_had_him"	"had_him_what"	"him_what_he"	"WRB"	"PRP"	"VBD"	"VB"	"PRP"	"WP"	"PRP"	"0"	"0"	"0"	"0"	"0"	"0"	"0"	"0"	"0"	"0"	"0"	"0"	"0"	"0"	"0"	"0"	"0"	"0"	"0"	"0"	"0"	"0"	"0"	"0"	"0"	"0"	"0"	"0"	"he"	"remember"	"clayton"	"mocking"	"smile"	"the"	"saloon"	"when"	"he"	"had"	"ask"	"him"	"what"	"he"	"would"	"do"	"if"	"they"	"bring"	"their"	"cattle"	"to"	"water"	"0"	"0"	"0"	"0"	"0"	"0"	"0"	"0"	"0"	"0"	"0"	"0"	"0"	"0"	"0"	"0"	"0"	"0"	"0"	"0"	"0"	"0"	"0"	"0"	"0"	"0"	"0"	"0"	"0"	
"2:32:01::"	"jury"	"judge_cash"	"the"	"to"	"the_jury"	"jury_judge_cash"	"judge_cash_to"	"∅_the_jury"	"the_jury_judge_cash"	"jury_judge_cash_to"	"judge_cash_to_send"	"ε"	"DT"	"NN"	"VB"	"NNP"	"TO"	"VB"	"0"	"0"	"0"	"0"	"0"	"0"	"0"	"0"	"0"	"0"	"0"	"0"	"0"	"0"	"0"	"0"	"0"	"0"	"0"	"0"	"0"	"0"	"0"	"0"	"0"	"0"	"0"	"0"	"0"	"0"	"0"	"0"	"0"	"jury"	"ask"	"judge_cash"	"to"	"send"	"in"	"his"	"written"	"definition"	"of"	"the"	"difference"	"between"	"first"	"and"	"second-degree"	"murder"	"and"	"manslaughter"	"0"	"0"	"0"	"0"	"0"	"0"	"0"	"0"	"0"	"0"	"0"	"0"	"0"	"0"	"0"	"0"	"0"	"0"	"0"	"0"	"0"	"0"	"0"	"0"	"0"	"0"	"0"	"0"	
"2:32:01::"	"is"	"the"	"it"	"soviet_union"	"it_is"	"is_the"	"the_soviet_union"	"that_it_is"	"it_is_the"	"is_the_soviet_union"	"the_soviet_union_to"	"IN"	"PRP"	"VBZ"	"VB"	"DT"	"NN"	"TO"	"0"	"0"	"0"	"0"	"0"	"0"	"0"	"0"	"0"	"0"	"0"	"0"	"0"	"0"	"0"	"0"	"0"	"0"	"0"	"0"	"0"	"0"	"0"	"0"	"0"	"0"	"0"	"0"	"0"	"0"	"0"	"britain"	"announce"	"it"	"is"	"ask"	"the"	"soviet_union"	"to"	"agree"	"tomorrow"	"to"	"an"	"immediate"	"cease-fire"	"0"	"0"	"0"	"0"	"0"	"0"	"0"	"0"	"0"	"0"	"0"	"0"	"0"	"0"	"0"	"0"	"0"	"0"	"0"	"0"	"0"	"0"	"0"	"0"	"0"	"0"	"0"	"0"	"0"	"0"	"0"	"0"	"0"	"0"	"0"	
"2:32:01::"	"to"	"its"	"today"	"``"	"today_to"	"to_its"	"its_``"	"decide_today_to"	"today_to_its"	"to_its_``"	"its_``_friends"	"VB"	"NN"	"TO"	"VB"	"PRP$"	"ε"	"NNS"	"0"	"0"	"0"	"0"	"0"	"0"	"0"	"0"	"0"	"0"	"0"	"0"	"0"	"0"	"0"	"0"	"0"	"0"	"0"	"0"	"0"	"0"	"0"	"0"	"0"	"0"	"0"	"0"	"0"	"in"	"vientiane"	"the"	"royal"	"government"	"decide"	"today"	"to"	"ask"	"its"	"friends"	"and"	"neighbors"	"for"	"help"	"in"	"fight"	"what"	"it"	"call"	"a"	"new"	"rebel"	"offensive"	"threaten"	"the"	"southeast"	"asian"	"kingdom"	"0"	"0"	"0"	"0"	"0"	"0"	"0"	"0"	"0"	"0"	"0"	"0"	"0"	"0"	"0"	"0"	"0"	"0"	"0"	"0"	"0"	"0"	
"2:32:01::"	"think_of"	"for"	"is"	"foreign"	"is_think_of"	"think_of_for"	"for_foreign"	"government_is_think_of"	"is_think_of_for"	"think_of_for_foreign"	"for_foreign_troops"	"NN"	"VBZ"	"VB"	"VB"	"VB"	"JJ"	"NNS"	"0"	"0"	"0"	"0"	"0"	"0"	"0"	"0"	"0"	"0"	"0"	"0"	"0"	"0"	"0"	"0"	"0"	"0"	"0"	"0"	"0"	"0"	"0"	"0"	"0"	"0"	"0"	"0"	"0"	"0"	"0"	"he"	"declare"	"government"	"is"	"think_of"	"ask"	"for"	"foreign"	"troops"	"if"	"the"	"situation"	"worsen"	"0"	"0"	"0"	"0"	"0"	"0"	"0"	"0"	"0"	"0"	"0"	"0"	"0"	"0"	"0"	"0"	"0"	"0"	"0"	"0"	"0"	"0"	"0"	"0"	"0"	"0"	"0"	"0"	"0"	"0"	"0"	"0"	"0"	"0"	"0"	"0"	
"2:32:00::"	"just"	"these"	"have"	"questions"	"have_just"	"just_these"	"these_questions"	"i_have_just"	"have_just_these"	"just_these_questions"	"these_questions_in"	"PRP"	"VBP"	"RB"	"VB"	"DT"	"NNS"	"IN"	"0"	"0"	"0"	"0"	"0"	"0"	"0"	"0"	"0"	"0"	"0"	"0"	"0"	"0"	"0"	"0"	"0"	"0"	"0"	"0"	"0"	"0"	"0"	"0"	"0"	"0"	"0"	"0"	"0"	"0"	"0"	"0"	"i"	"just"	"ask"	"these"	"questions"	"in"	"the"	"pentagon"	"in"	"the"	"white_house"	"in"	"offices"	"of"	"key"	"scientists"	"across_the_country"	"and"	"aboard"	"the"	"submarines"	"that"	"prowl"	"for"	"months"	"underwater"	"with"	"neat"	"rows"	"of"	"green"	"launch"	"tubes"	"which"	"contain"	"polaris"	"missiles"	"and"	"which"	"be"	"affectionately"	"known"	"as"	"sherwood_forest"	"0"	"0"	"0"	"0"	
"2:32:00::"	"i"	"wisman"	"∅"	"what"	"∅_i"	"i_wisman"	"wisman_what"	"∅_∅_i"	"∅_i_wisman"	"i_wisman_what"	"wisman_what_would"	"ε"	"ε"	"PRP"	"VB"	"NNP"	"WP"	"MD"	"0"	"0"	"0"	"0"	"0"	"0"	"0"	"0"	"0"	"0"	"0"	"0"	"0"	"0"	"0"	"0"	"0"	"0"	"0"	"0"	"0"	"0"	"0"	"0"	"0"	"0"	"0"	"0"	"0"	"0"	"0"	"0"	"0"	"ask"	"wisman"	"what"	"would"	"happen"	"if"	"he"	"break_out"	"the"	"go"	"codes"	"and"	"try"	"to"	"start"	"transmit"	"one"	"0"	"0"	"0"	"0"	"0"	"0"	"0"	"0"	"0"	"0"	"0"	"0"	"0"	"0"	"0"	"0"	"0"	"0"	"0"	"0"	"0"	"0"	"0"	"0"	"0"	"0"	"0"	"0"	"0"	"0"	
"2:32:00::"	"you"	"what"	"``"	"i"	"``_you"	"you_what"	"what_i"	":_``_you"	"``_you_what"	"you_what_i"	"what_i_am"	"ε"	"ε"	"PRP"	"VB"	"WP"	"PRP"	"VBP"	"0"	"0"	"0"	"0"	"0"	"0"	"0"	"0"	"0"	"0"	"0"	"0"	"0"	"0"	"0"	"0"	"0"	"0"	"0"	"0"	"0"	"0"	"0"	"but"	"there"	"be"	"a"	"dignity"	"and"	"even"	"a"	"hint"	"of"	"inspired"	"prophet"	"in"	"his"	"words"	"to"	"one"	"correspondent"	"you"	"ask"	"what"	"i"	"am"	"going_to"	"reply"	"to"	"bradley"	"0"	"0"	"0"	"0"	"0"	"0"	"0"	"0"	"0"	"0"	"0"	"0"	"0"	"0"	"0"	"0"	"0"	"0"	"0"	"0"	"0"	"0"	"0"	"0"	"0"	"0"	"0"	"0"	"0"	"0"	
"2:32:00::"	"he"	","	"?"	"keep"	"?_he"	"he_,"	",_keep"	"''_?_he"	"?_he_,"	"he_,_keep"	",_keep_his"	"ε"	"ε"	"PRP"	"VB"	"ε"	"VB"	"PRP$"	"0"	"0"	"0"	"0"	"0"	"0"	"0"	"0"	"0"	"0"	"0"	"0"	"0"	"0"	"0"	"0"	"0"	"0"	"0"	"0"	"0"	"0"	"0"	"0"	"0"	"0"	"0"	"0"	"0"	"did"	"anyone"	"see"	"my"	"he"	"ask"	"keep"	"his"	"voice"	"casual"	"0"	"0"	"0"	"0"	"0"	"0"	"0"	"0"	"0"	"0"	"0"	"0"	"0"	"0"	"0"	"0"	"0"	"0"	"0"	"0"	"0"	"0"	"0"	"0"	"0"	"0"	"0"	"0"	"0"	"0"	"0"	"0"	"0"	"0"	"0"	"0"	"0"	"0"	"0"	"0"	"0"	
"2:32:01::"	"been"	"to"	"has"	"read"	"has_been"	"been_to"	"to_read"	"presbyterian_church_has_been"	"has_been_to"	"been_to_read"	"to_read_the"	"NN"	"VBZ"	"VBN"	"VB"	"TO"	"VB"	"DT"	"0"	"0"	"0"	"0"	"0"	"0"	"0"	"0"	"0"	"0"	"0"	"0"	"0"	"0"	"0"	"0"	"0"	"0"	"0"	"0"	"0"	"0"	"0"	"0"	"0"	"0"	"0"	"0"	"0"	"0"	"every"	"family"	"of"	"presbyterian_church"	"has"	"been"	"ask"	"to"	"read"	"the"	"bible"	"and"	"pray"	"together"	"daily"	"during"	"national_christian_family_week"	"and"	"to"	"undertake"	"one"	"project"	"in_which"	"all"	"members"	"of"	"the"	"family"	"participate"	"0"	"0"	"0"	"0"	"0"	"0"	"0"	"0"	"0"	"0"	"0"	"0"	"0"	"0"	"0"	"0"	"0"	"0"	"0"	"0"	"0"	
"2:32:01::"	"been"	"to"	"has"	"set_up"	"has_been"	"been_to"	"to_set_up"	"board_has_been"	"has_been_to"	"been_to_set_up"	"to_set_up_an"	"NNP"	"VBZ"	"VBN"	"VB"	"TO"	"VB"	"DT"	"0"	"0"	"0"	"0"	"0"	"0"	"0"	"0"	"0"	"0"	"0"	"0"	"0"	"0"	"0"	"0"	"0"	"0"	"0"	"sydney_larson"	"a"	"staff"	"representative"	"for"	"the"	"united_steel"	"workers"	"which"	"the"	"firm"	"workers"	"join"	"before"	"say"	"the"	"state"	"labor"	"relations"	"board"	"has"	"been"	"ask"	"to"	"set_up"	"an"	"election"	"to"	"pick"	"a"	"bargaining"	"agent"	"0"	"0"	"0"	"0"	"0"	"0"	"0"	"0"	"0"	"0"	"0"	"0"	"0"	"0"	"0"	"0"	"0"	"0"	"0"	"0"	"0"	"0"	"0"	"0"	"0"	"0"	"0"	"0"	"0"	
"2:32:00::"	"when"	"about"	"information"	"ku_klux_klan"	"information_when"	"when_about"	"about_ku_klux_klan"	"false_information_when"	"information_when_about"	"when_about_ku_klux_klan"	"about_ku_klux_klan_membership"	"JJ"	"NN"	"WRB"	"VB"	"IN"	"NN"	"NN"	"0"	"0"	"0"	"0"	"0"	"0"	"0"	"0"	"0"	"0"	"0"	"0"	"0"	"0"	"0"	"0"	"0"	"0"	"0"	"0"	"0"	"0"	"0"	"0"	"0"	"0"	"0"	"u._s._attorney_macon_weaver"	"say"	"the"	"federal"	"complaint"	"charge"	"the"	"juror"	"give"	"false"	"information"	"when"	"ask"	"about"	"ku_klux_klan"	"membership"	"during"	"selection"	"of"	"jury"	"0"	"0"	"0"	"0"	"0"	"0"	"0"	"0"	"0"	"0"	"0"	"0"	"0"	"0"	"0"	"0"	"0"	"0"	"0"	"0"	"0"	"0"	"0"	"0"	"0"	"0"	"0"	"0"	"0"	"0"	"0"	"0"	"0"	
"2:32:01::"	"he"	"members"	"∅"	"of"	"∅_he"	"he_members"	"members_of"	"∅_∅_he"	"∅_he_members"	"he_members_of"	"members_of_the"	"ε"	"ε"	"PRP"	"VB"	"NNS"	"IN"	"DT"	"0"	"0"	"0"	"0"	"0"	"0"	"0"	"0"	"0"	"0"	"0"	"0"	"0"	"0"	"0"	"0"	"0"	"0"	"0"	"0"	"0"	"0"	"0"	"0"	"0"	"0"	"0"	"0"	"0"	"0"	"0"	"0"	"0"	"ask"	"members"	"of"	"the"	"panel"	"to"	"tell"	"him"	"if"	"anyone"	"outside"	"the"	"court"	"had"	"speak_to"	"them"	"about"	"the"	"case"	"0"	"0"	"0"	"0"	"0"	"0"	"0"	"0"	"0"	"0"	"0"	"0"	"0"	"0"	"0"	"0"	"0"	"0"	"0"	"0"	"0"	"0"	"0"	"0"	"0"	"0"	"0"	"0"	
"2:32:00::"	"questions"	"the"	"the"	"personal"	"the_questions"	"questions_the"	"the_personal"	"because_the_questions"	"the_questions_the"	"questions_the_personal"	"the_personal_opinion"	"IN"	"DT"	"NNS"	"VB"	"DT"	"JJ"	"NN"	"0"	"0"	"0"	"0"	"0"	"0"	"0"	"0"	"0"	"0"	"0"	"0"	"0"	"0"	"0"	"0"	"0"	"0"	"0"	"0"	"0"	"0"	"0"	"0"	"0"	"0"	"0"	"the"	"replies"	"from"	"each"	"individual"	"town"	"not"	"give"	"in"	"detail"	"because"	"the"	"questions"	"ask"	"the"	"personal"	"opinion"	"of"	"the"	"several"	"assessors"	"and"	"be"	"not"	"necessarily"	"the"	"established"	"policy"	"of"	"the"	"town"	"in"	"each"	"case"	"0"	"0"	"0"	"0"	"0"	"0"	"0"	"0"	"0"	"0"	"0"	"0"	"0"	"0"	"0"	"0"	"0"	"0"	"0"	
"2:32:00::"	"was"	"of"	"that"	"the"	"that_was"	"was_of"	"of_the"	"question_that_was"	"that_was_of"	"was_of_the"	"of_the_assessors"	"NN"	"WDT"	"VBD"	"VB"	"IN"	"DT"	"NNS"	"0"	"0"	"0"	"0"	"0"	"0"	"0"	"0"	"0"	"0"	"0"	"0"	"0"	"0"	"0"	"0"	"0"	"0"	"0"	"0"	"0"	"0"	"0"	"0"	"0"	"0"	"0"	"0"	"0"	"0"	"0"	"0"	"another"	"that"	"was"	"ask"	"of"	"the"	"assessors"	"be"	"whether"	"they"	"favor"	"the"	"assessment"	"of"	"movable"	"property"	"at"	"its"	"location"	"or"	"at"	"the"	"residence"	"of"	"the"	"owner"	"0"	"0"	"0"	"0"	"0"	"0"	"0"	"0"	"0"	"0"	"0"	"0"	"0"	"0"	"0"	"0"	"0"	"0"	"0"	"0"	"0"	"0"	
"2:32:00::"	"she"	","	"?"	"turn"	"?_she"	"she_,"	",_turn"	"''_?_she"	"?_she_,"	"she_,_turn"	",_turn_slowly"	"ε"	"ε"	"PRP"	"VB"	"ε"	"VB"	"RB"	"0"	"0"	"0"	"0"	"0"	"0"	"0"	"0"	"0"	"0"	"0"	"0"	"0"	"0"	"0"	"0"	"0"	"0"	"0"	"0"	"0"	"0"	"0"	"0"	"0"	"0"	"0"	"0"	"0"	"0"	"0"	"me"	"she"	"turn"	"slowly"	"0"	"0"	"0"	"0"	"0"	"0"	"0"	"0"	"0"	"0"	"0"	"0"	"0"	"0"	"0"	"0"	"0"	"0"	"0"	"0"	"0"	"0"	"0"	"0"	"0"	"0"	"0"	"0"	"0"	"0"	"0"	"0"	"0"	"0"	"0"	"0"	"0"	"0"	"0"	"0"	"0"	"0"	"0"	"0"	"0"	
"2:32:00::"	"he"	","	"?"	"try"	"?_he"	"he_,"	",_try"	"''_?_he"	"?_he_,"	"he_,_try"	",_try_to"	"ε"	"ε"	"PRP"	"VB"	"ε"	"VB"	"TO"	"0"	"0"	"0"	"0"	"0"	"0"	"0"	"0"	"0"	"0"	"0"	"0"	"0"	"0"	"0"	"0"	"0"	"0"	"0"	"0"	"0"	"0"	"0"	"0"	"0"	"0"	"0"	"0"	"0"	"are"	"your"	"people"	"still"	"he"	"ask"	"try"	"to"	"touch"	"a"	"part"	"of"	"her"	"life"	"person"	"had"	"n't"	"discuss"	"so"	"he"	"could"	"have"	"something"	"of"	"her"	"for"	"himself"	"0"	"0"	"0"	"0"	"0"	"0"	"0"	"0"	"0"	"0"	"0"	"0"	"0"	"0"	"0"	"0"	"0"	"0"	"0"	"0"	"0"	"0"	"0"	"0"	
"2:32:00::"	"she"	","	"?"	"turn"	"?_she"	"she_,"	",_turn"	"''_?_she"	"?_she_,"	"she_,_turn"	",_turn_suddenly"	"ε"	"ε"	"PRP"	"VB"	"ε"	"VB"	"RB"	"0"	"0"	"0"	"0"	"0"	"0"	"0"	"0"	"0"	"0"	"0"	"0"	"0"	"0"	"0"	"0"	"0"	"0"	"0"	"0"	"0"	"0"	"0"	"0"	"0"	"0"	"0"	"0"	"0"	"0"	"what"	"be"	"this"	"ask"	"turn"	"suddenly"	"0"	"0"	"0"	"0"	"0"	"0"	"0"	"0"	"0"	"0"	"0"	"0"	"0"	"0"	"0"	"0"	"0"	"0"	"0"	"0"	"0"	"0"	"0"	"0"	"0"	"0"	"0"	"0"	"0"	"0"	"0"	"0"	"0"	"0"	"0"	"0"	"0"	"0"	"0"	"0"	"0"	"0"	"0"	"0"	
"2:32:00::"	"she"	"suddenly"	"?"	"."	"?_she"	"she_suddenly"	"suddenly_."	"''_?_she"	"?_she_suddenly"	"she_suddenly_."	"suddenly_._∅"	"ε"	"ε"	"PRP"	"VB"	"RB"	"ε"	"ε"	"0"	"0"	"0"	"0"	"0"	"0"	"0"	"0"	"0"	"0"	"0"	"0"	"0"	"0"	"0"	"0"	"0"	"0"	"0"	"0"	"0"	"0"	"0"	"0"	"0"	"0"	"0"	"0"	"0"	"0"	"what"	"the_matter"	"she"	"suddenly"	"0"	"0"	"0"	"0"	"0"	"0"	"0"	"0"	"0"	"0"	"0"	"0"	"0"	"0"	"0"	"0"	"0"	"0"	"0"	"0"	"0"	"0"	"0"	"0"	"0"	"0"	"0"	"0"	"0"	"0"	"0"	"0"	"0"	"0"	"0"	"0"	"0"	"0"	"0"	"0"	"0"	"0"	"0"	"0"	"0"	"0"	
"2:32:00::"	"'ll"	"the"	"i"	"daughter"	"i_'ll"	"'ll_the"	"the_daughter"	"think_i_'ll"	"i_'ll_the"	"'ll_the_daughter"	"the_daughter_if"	"VB"	"PRP"	"MD"	"VB"	"DT"	"NN"	"IN"	"0"	"0"	"0"	"0"	"0"	"0"	"0"	"0"	"0"	"0"	"0"	"0"	"0"	"0"	"0"	"0"	"0"	"0"	"0"	"0"	"0"	"0"	"0"	"0"	"since"	"we"	"have"	"coffee"	"with"	"them"	"this"	"afternoon"	"he"	"i"	"think"	"i"	"ask"	"the"	"daughter"	"if"	"we"	"can"	"pay"	"her"	"to"	"come"	"in"	"every_day"	"to"	"clean"	"for"	"us"	"0"	"0"	"0"	"0"	"0"	"0"	"0"	"0"	"0"	"0"	"0"	"0"	"0"	"0"	"0"	"0"	"0"	"0"	"0"	"0"	"0"	"0"	"0"	"0"	"0"	"0"	"0"	"0"	
"2:32:01::"	"-"	"me"	"person"	"to"	"person_-"	"-_me"	"me_to"	"-_person_-"	"person_-_me"	"-_me_to"	"me_to_stay"	"ε"	"NNP"	"ε"	"VB"	"PRP"	"TO"	"VB"	"0"	"0"	"0"	"0"	"0"	"0"	"0"	"0"	"0"	"0"	"0"	"0"	"0"	"0"	"0"	"0"	"0"	"0"	"0"	"0"	"0"	"0"	"0"	"0"	"0"	"0"	"0"	"person"	"go_on"	"when"	"we"	"finish"	"person"	"ask"	"me"	"to"	"stay"	"a_little"	"longer"	"0"	"0"	"0"	"0"	"0"	"0"	"0"	"0"	"0"	"0"	"0"	"0"	"0"	"0"	"0"	"0"	"0"	"0"	"0"	"0"	"0"	"0"	"0"	"0"	"0"	"0"	"0"	"0"	"0"	"0"	"0"	"0"	"0"	"0"	"0"	"0"	"0"	"0"	"0"	"0"	"0"	
"2:32:00::"	"she"	"smolderingly"	"?"	"."	"?_she"	"she_smolderingly"	"smolderingly_."	"''_?_she"	"?_she_smolderingly"	"she_smolderingly_."	"smolderingly_._∅"	"ε"	"ε"	"PRP"	"VB"	"RB"	"ε"	"ε"	"0"	"0"	"0"	"0"	"0"	"0"	"0"	"0"	"0"	"0"	"0"	"0"	"0"	"0"	"0"	"0"	"0"	"0"	"0"	"0"	"0"	"0"	"0"	"0"	"0"	"0"	"0"	"0"	"what"	"happen"	"when"	"there"	"be"	"more"	"water"	"she"	"ask"	"smolderingly"	"0"	"0"	"0"	"0"	"0"	"0"	"0"	"0"	"0"	"0"	"0"	"0"	"0"	"0"	"0"	"0"	"0"	"0"	"0"	"0"	"0"	"0"	"0"	"0"	"0"	"0"	"0"	"0"	"0"	"0"	"0"	"0"	"0"	"0"	"0"	"0"	"0"	"0"	"0"	"0"	"0"	"0"	
"2:32:01::"	"be"	"for"	"could"	"a"	"could_be"	"be_for"	"for_a"	"more_could_be"	"could_be_for"	"be_for_a"	"for_a_trial"	"NN"	"VB"	"VB"	"VB"	"JJ"	"DT"	"NN"	"0"	"0"	"0"	"0"	"0"	"0"	"0"	"0"	"0"	"0"	"0"	"0"	"0"	"0"	"0"	"0"	"0"	"0"	"0"	"0"	"0"	"0"	"0"	"0"	"0"	"0"	"0"	"0"	"0"	"0"	"0"	"0"	"what"	"could"	"be"	"ask"	"for"	"a"	"trial"	"intend"	"to"	"warn"	"the"	"world"	"against"	"anti-semitism"	"than"	"this"	"opportunity"	"to"	"expose"	"the"	"exact"	"link"	"between"	"the"	"respectable"	"anti-semite"	"and"	"the"	"concentration_camp"	"brute"	"0"	"0"	"0"	"0"	"0"	"0"	"0"	"0"	"0"	"0"	"0"	"0"	"0"	"0"	"0"	"0"	"0"	"0"	
"2:32:01::"	"n't"	"you"	"did"	"to"	"did_n't"	"n't_you"	"you_to"	"i_did_n't"	"did_n't_you"	"n't_you_to"	"you_to_fight"	"PRP"	"VBD"	"RB"	"VB"	"PRP"	"TO"	"VB"	"0"	"0"	"0"	"0"	"0"	"0"	"0"	"0"	"0"	"0"	"0"	"0"	"0"	"0"	"0"	"0"	"0"	"0"	"0"	"0"	"0"	"0"	"0"	"0"	"0"	"0"	"0"	"0"	"0"	"0"	"0"	"0"	"i"	"n't"	"ask"	"you"	"to"	"fight"	"for"	"the"	"ball_club"	"person"	"say"	"slowly"	"0"	"0"	"0"	"0"	"0"	"0"	"0"	"0"	"0"	"0"	"0"	"0"	"0"	"0"	"0"	"0"	"0"	"0"	"0"	"0"	"0"	"0"	"0"	"0"	"0"	"0"	"0"	"0"	"0"	"0"	"0"	"0"	"0"	"0"	"0"	"0"	
"2:32:01::"	"``"	"person"	"∅"	"for"	"∅_``"	"``_person"	"person_for"	"∅_∅_``"	"∅_``_person"	"``_person_for"	"person_for_a"	"ε"	"ε"	"ε"	"VB"	"NNP"	"IN"	"DT"	"0"	"0"	"0"	"0"	"0"	"0"	"0"	"0"	"0"	"0"	"0"	"0"	"0"	"0"	"0"	"0"	"0"	"0"	"0"	"0"	"0"	"0"	"0"	"0"	"0"	"0"	"0"	"0"	"0"	"0"	"0"	"0"	"0"	"person"	"for"	"a"	"job"	"0"	"0"	"0"	"0"	"0"	"0"	"0"	"0"	"0"	"0"	"0"	"0"	"0"	"0"	"0"	"0"	"0"	"0"	"0"	"0"	"0"	"0"	"0"	"0"	"0"	"0"	"0"	"0"	"0"	"0"	"0"	"0"	"0"	"0"	"0"	"0"	"0"	"0"	"0"	"0"	"0"	"0"	"0"	
"2:32:02::"	"to"	","	"question"	"and"	"question_to"	"to_,"	",_and"	"salient_question_to"	"question_to_,"	"to_,_and"	",_and_ask"	"JJ"	"NN"	"TO"	"VB"	"ε"	"CC"	"VB"	"0"	"0"	"0"	"0"	"0"	"0"	"0"	"0"	"0"	"0"	"0"	"0"	"0"	"0"	"0"	"0"	"0"	"0"	"0"	"0"	"0"	"0"	"0"	"0"	"0"	"0"	"0"	"0"	"0"	"0"	"there"	"was"	"also"	"one"	"salient"	"question"	"to"	"ask"	"and"	"ask"	"widely"	"did"	"you"	"notice"	"anything"	"out-of-the-way"	"0"	"0"	"0"	"0"	"0"	"0"	"0"	"0"	"0"	"0"	"0"	"0"	"0"	"0"	"0"	"0"	"0"	"0"	"0"	"0"	"0"	"0"	"0"	"0"	"0"	"0"	"0"	"0"	"0"	"0"	"0"	"0"	"0"	"0"	
"2:32:02::"	"and"	"widely"	","	":"	",_and"	"and_widely"	"widely_:"	"ask_,_and"	",_and_widely"	"and_widely_:"	"widely_:_did"	"VB"	"ε"	"CC"	"VB"	"RB"	"ε"	"VBD"	"0"	"0"	"0"	"0"	"0"	"0"	"0"	"0"	"0"	"0"	"0"	"0"	"0"	"0"	"0"	"0"	"0"	"0"	"0"	"0"	"0"	"0"	"0"	"0"	"0"	"0"	"0"	"0"	"there"	"was"	"also"	"the"	"one"	"question"	"to"	"ask"	"and"	"ask"	"widely"	"did"	"you"	"notice"	"anything"	"out-of-the-way"	"0"	"0"	"0"	"0"	"0"	"0"	"0"	"0"	"0"	"0"	"0"	"0"	"0"	"0"	"0"	"0"	"0"	"0"	"0"	"0"	"0"	"0"	"0"	"0"	"0"	"0"	"0"	"0"	"0"	"0"	"0"	"0"	"0"	"0"	"0"	"0"	
"2:32:00::"	"i"	"about"	"∅"	"the"	"∅_i"	"i_about"	"about_the"	"∅_∅_i"	"∅_i_about"	"i_about_the"	"about_the_battle"	"ε"	"ε"	"PRP"	"VB"	"IN"	"DT"	"NN"	"0"	"0"	"0"	"0"	"0"	"0"	"0"	"0"	"0"	"0"	"0"	"0"	"0"	"0"	"0"	"0"	"0"	"0"	"0"	"0"	"0"	"0"	"0"	"0"	"0"	"0"	"0"	"0"	"0"	"0"	"0"	"0"	"0"	"ask"	"about"	"the"	"battle"	"between"	"life"	"and"	"death"	"in"	"his"	"play"	"0"	"0"	"0"	"0"	"0"	"0"	"0"	"0"	"0"	"0"	"0"	"0"	"0"	"0"	"0"	"0"	"0"	"0"	"0"	"0"	"0"	"0"	"0"	"0"	"0"	"0"	"0"	"0"	"0"	"0"	"0"	"0"	"0"	"0"	"0"	"0"	
"2:32:00::"	"i"	"what"	","	"he"	",_i"	"i_what"	"what_he"	"lead_,_i"	",_i_what"	"i_what_he"	"what_he_think"	"NN"	"ε"	"PRP"	"VB"	"WP"	"PRP"	"VB"	"0"	"0"	"0"	"0"	"0"	"0"	"0"	"0"	"0"	"0"	"0"	"0"	"0"	"0"	"0"	"0"	"0"	"0"	"0"	"0"	"0"	"0"	"0"	"0"	"0"	"0"	"0"	"0"	"0"	"0"	"0"	"give"	"a"	"lead"	"i"	"ask"	"what"	"he"	"think"	"about"	"those"	"who"	"find"	"a"	"religious"	"significance"	"to"	"his"	"play"	"0"	"0"	"0"	"0"	"0"	"0"	"0"	"0"	"0"	"0"	"0"	"0"	"0"	"0"	"0"	"0"	"0"	"0"	"0"	"0"	"0"	"0"	"0"	"0"	"0"	"0"	"0"	"0"	"0"	"0"	"0"	
"2:32:00::"	"to"	"not"	"need"	"merely"	"need_to"	"to_not"	"not_merely"	"we_need_to"	"need_to_not"	"to_not_merely"	"not_merely_whether"	"PRP"	"VB"	"TO"	"VB"	"RB"	"RB"	"IN"	"0"	"0"	"0"	"0"	"0"	"0"	"0"	"0"	"0"	"0"	"0"	"0"	"0"	"0"	"0"	"0"	"0"	"0"	"0"	"0"	"0"	"0"	"0"	"0"	"0"	"0"	"0"	"0"	"0"	"0"	"in"	"answer"	"these"	"we"	"need"	"to"	"ask"	"not"	"merely"	"whether"	"communist"	"troops"	"have"	"cross"	"over"	"into"	"territory"	"they"	"did"	"not"	"occupy"	"before"	"and"	"not"	"merely"	"whether"	"disciplined"	"agent"	"of"	"the"	"cominform"	"be"	"in"	"control"	"of"	"government"	"from"	"which"	"they"	"were"	"formerly"	"exclude"	"0"	"0"	"0"	"0"	"0"	"0"	"0"	"0"	
"2:32:01::"	"-"	","	"passive"	"psychologist"	"passive_-"	"-_,"	",_psychologist"	"become_passive_-"	"passive_-_,"	"-_,_psychologist"	",_psychologist_say"	"VB"	"JJ"	"ε"	"VB"	"ε"	"NN"	"VB"	"0"	"0"	"0"	"0"	"0"	"0"	"0"	"0"	"0"	"0"	"0"	"0"	"0"	"0"	"0"	"0"	"0"	"0"	"0"	"0"	"0"	"0"	"0"	"0"	"0"	"0"	"on_the_other_hand"	"a"	"husband"	"who"	"always"	"has"	"be"	"and"	"assertive"	"may"	"suddenly"	"become"	"passive"	"ask"	"psychologist"	"say"	"for"	"reassurance"	"that"	"his"	"wife"	"still"	"find"	"him"	"desirable"	"0"	"0"	"0"	"0"	"0"	"0"	"0"	"0"	"0"	"0"	"0"	"0"	"0"	"0"	"0"	"0"	"0"	"0"	"0"	"0"	"0"	"0"	"0"	"0"	"0"	"0"	"0"	"0"	"0"	
"2:32:00::"	"even"	"the"	"n't"	"cost"	"n't_even"	"even_the"	"the_cost"	"did_n't_even"	"n't_even_the"	"even_the_cost"	"the_cost_of"	"VBD"	"RB"	"RB"	"VB"	"DT"	"NN"	"RB"	"0"	"0"	"0"	"0"	"0"	"0"	"0"	"0"	"0"	"0"	"0"	"0"	"0"	"0"	"0"	"0"	"0"	"0"	"0"	"0"	"0"	"0"	"0"	"0"	"0"	"0"	"0"	"0"	"0"	"0"	"0"	"0"	"he"	"n't"	"even"	"ask"	"the"	"cost"	"of"	"this"	"collection"	"0"	"0"	"0"	"0"	"0"	"0"	"0"	"0"	"0"	"0"	"0"	"0"	"0"	"0"	"0"	"0"	"0"	"0"	"0"	"0"	"0"	"0"	"0"	"0"	"0"	"0"	"0"	"0"	"0"	"0"	"0"	"0"	"0"	"0"	"0"	"0"	"0"	"0"	"0"	
"2:32:02::"	"i"	"them"	"and"	"if"	"and_i"	"i_them"	"them_if"	",_and_i"	"and_i_them"	"i_them_if"	"them_if_they"	"ε"	"CC"	"PRP"	"VB"	"PRP"	"IN"	"PRP"	"0"	"0"	"0"	"0"	"i"	"was"	"have"	"lunch"	"not_long"	"ago"	"apology"	"to"	"person"	"with"	"three"	"distinguished"	"historian"	"one"	"specialize"	"in"	"the"	"european"	"middle_ages"	"one"	"in"	"american"	"history"	"and"	"one"	"in"	"the"	"far_east"	"and"	"ask"	"them"	"if"	"they"	"could"	"name"	"instance"	"where"	"the"	"general"	"mores"	"had"	"been"	"radically"	"change"	"with"	"deliberate"	"speed"	"majestic"	"instancy"	"person"	"words"	"for"	"the"	"hound_of_heaven"	"pursuit"	"by"	"judicial"	"fiat"	"0"	"0"	"0"	"0"	"0"	"0"	"0"	"0"	"0"	"0"	"0"	"0"	"0"	"0"	"0"	"0"	"0"	"0"	
"2:32:00::"	"had"	"her"	"anyone"	","	"anyone_had"	"had_her"	"her_,"	"if_anyone_had"	"anyone_had_her"	"had_her_,"	"her_,_she"	"IN"	"NN"	"VBD"	"VB"	"PRP$"	"ε"	"PRP"	"0"	"0"	"0"	"0"	"0"	"0"	"0"	"0"	"0"	"0"	"0"	"0"	"0"	"0"	"0"	"0"	"0"	"0"	"0"	"0"	"0"	"0"	"0"	"0"	"0"	"0"	"0"	"0"	"0"	"0"	"0"	"0"	"if"	"had"	"ask"	"her"	"she"	"would"	"have"	"describe"	"herself"	"only"	"as"	"nervous"	"and"	"worried"	"0"	"0"	"0"	"0"	"0"	"0"	"0"	"0"	"0"	"0"	"0"	"0"	"0"	"0"	"0"	"0"	"0"	"0"	"0"	"0"	"0"	"0"	"0"	"0"	"0"	"0"	"0"	"0"	"0"	"0"	"0"	"0"	"0"	"0"	
"2:32:01::"	"would"	"her"	"he"	"to"	"he_would"	"would_her"	"her_to"	"day_he_would"	"he_would_her"	"would_her_to"	"her_to_marry"	"NN"	"PRP"	"MD"	"VB"	"PRP"	"TO"	"VB"	"0"	"0"	"0"	"0"	"0"	"0"	"0"	"0"	"0"	"0"	"0"	"0"	"0"	"0"	"0"	"0"	"0"	"0"	"0"	"0"	"0"	"0"	"0"	"0"	"0"	"0"	"0"	"0"	"0"	"she"	"had"	"assume"	"before"	"that"	"one"	"day"	"he"	"would"	"ask"	"her"	"to"	"marry"	"him"	"0"	"0"	"0"	"0"	"0"	"0"	"0"	"0"	"0"	"0"	"0"	"0"	"0"	"0"	"0"	"0"	"0"	"0"	"0"	"0"	"0"	"0"	"0"	"0"	"0"	"0"	"0"	"0"	"0"	"0"	"0"	"0"	"0"	"0"	"0"	"0"	"0"	
"2:32:01::"	"politely"	"person"	"had"	"to"	"had_politely"	"politely_person"	"person_to"	"he_had_politely"	"had_politely_person"	"politely_person_to"	"person_to_join"	"PRP"	"VBD"	"RB"	"VB"	"NNP"	"TO"	"VB"	"0"	"0"	"0"	"0"	"0"	"0"	"0"	"0"	"0"	"0"	"0"	"0"	"0"	"0"	"0"	"0"	"0"	"0"	"0"	"0"	"0"	"0"	"person"	"had"	"fill_out"	"the"	"return"	"and"	"because"	"when"	"he"	"be"	"finished"	"was"	"close"	"to"	"the"	"lunch"	"hour"	"he"	"had"	"politely"	"ask"	"person"	"to"	"join"	"him"	"never"	"expect"	"her"	"to"	"accept"	"0"	"0"	"0"	"0"	"0"	"0"	"0"	"0"	"0"	"0"	"0"	"0"	"0"	"0"	"0"	"0"	"0"	"0"	"0"	"0"	"0"	"0"	"0"	"0"	"0"	"0"	"0"	"0"	
"2:32:00::"	"person"	"her"	","	"when"	",_person"	"person_her"	"her_when"	"moccasins_,_person"	",_person_her"	"person_her_when"	"her_when_she"	"NN"	"ε"	"NNP"	"VB"	"PRP$"	"WRB"	"PRP"	"0"	"0"	"0"	"0"	"0"	"0"	"0"	"0"	"0"	"0"	"0"	"0"	"0"	"0"	"0"	"0"	"0"	"0"	"0"	"0"	"0"	"0"	"0"	"she"	"go"	"downstairs"	"and"	"receive"	"another"	"curious"	"shock"	"for"	"when"	"flap"	"into"	"the"	"dining_room"	"in"	"her"	"homemade"	"moccasins"	"person"	"ask"	"her"	"when"	"she"	"had"	"bring"	"coffee"	"to"	"her"	"room"	"and"	"person"	"say"	"she"	"had"	"n't"	"0"	"0"	"0"	"0"	"0"	"0"	"0"	"0"	"0"	"0"	"0"	"0"	"0"	"0"	"0"	"0"	"0"	"0"	"0"	"0"	"0"	"0"	
"2:32:01::"	"by"	"various"	"error"	"observer"	"error_by"	"by_various"	"various_observer"	"'s_error_by"	"error_by_various"	"by_various_observer"	"various_observer_to"	"POS"	"NN"	"IN"	"VB"	"JJ"	"NN"	"TO"	"0"	"0"	"0"	"0"	"0"	"0"	"0"	"0"	"0"	"0"	"0"	"0"	"0"	"0"	"0"	"0"	"0"	"0"	"0"	"0"	"0"	"0"	"0"	"0"	"0"	"0"	"0"	"0"	"the"	"director"	"help"	"tailor-make"	"a"	"of"	"the"	"district_manager"	"error"	"by"	"ask"	"various"	"observer"	"to"	"write_out"	"sentence"	"comment"	"on"	"the"	"mistake"	"they"	"feel"	"he"	"make"	"0"	"0"	"0"	"0"	"0"	"0"	"0"	"0"	"0"	"0"	"0"	"0"	"0"	"0"	"0"	"0"	"0"	"0"	"0"	"0"	"0"	"0"	"0"	"0"	"0"	"0"	"0"	"0"	
"2:32:00::"	"friend"	"him"	"a"	"once"	"a_friend"	"friend_him"	"him_once"	",_a_friend"	"a_friend_him"	"friend_him_once"	"him_once_,"	"ε"	"DT"	"NN"	"VB"	"PRP"	"RB"	"ε"	"0"	"0"	"0"	"0"	"0"	"0"	"0"	"0"	"0"	"0"	"0"	"0"	"0"	"0"	"0"	"0"	"0"	"0"	"0"	"0"	"0"	"0"	"0"	"0"	"0"	"0"	"0"	"0"	"0"	"0"	"0"	"person"	"a"	"ask"	"him"	"once"	"how_come"	"you"	"bushwhack"	"them"	"rustler"	"0"	"0"	"0"	"0"	"0"	"0"	"0"	"0"	"0"	"0"	"0"	"0"	"0"	"0"	"0"	"0"	"0"	"0"	"0"	"0"	"0"	"0"	"0"	"0"	"0"	"0"	"0"	"0"	"0"	"0"	"0"	"0"	"0"	"0"	"0"	"0"	"0"	"0"	"0"	
"2:32:01::"	"and"	"for"	"office"	"him"	"office_and"	"and_for"	"for_him"	"'s_office_and"	"office_and_for"	"and_for_him"	"for_him_."	"POS"	"NN"	"CC"	"VB"	"VB"	"PRP"	"ε"	"0"	"0"	"0"	"0"	"0"	"0"	"0"	"0"	"0"	"0"	"0"	"0"	"0"	"0"	"0"	"0"	"0"	"0"	"0"	"0"	"0"	"0"	"0"	"0"	"0"	"0"	"with"	"sudden"	"energy"	"she"	"go"	"to"	"the"	"and"	"ring"	"person"	"office"	"and"	"ask"	"for"	"him"	"0"	"0"	"0"	"0"	"0"	"0"	"0"	"0"	"0"	"0"	"0"	"0"	"0"	"0"	"0"	"0"	"0"	"0"	"0"	"0"	"0"	"0"	"0"	"0"	"0"	"0"	"0"	"0"	"0"	"0"	"0"	"0"	"0"	"0"	"0"	"0"	"0"	"0"	"0"	
"2:32:02::"	"question"	"everywhere"	"first"	"be"	"first_question"	"question_everywhere"	"everywhere_be"	"the_first_question"	"first_question_everywhere"	"question_everywhere_be"	"everywhere_be_about"	"DT"	"JJ"	"NN"	"VB"	"RB"	"VB"	"VB"	"0"	"0"	"0"	"0"	"0"	"0"	"0"	"0"	"0"	"0"	"0"	"0"	"0"	"0"	"0"	"0"	"0"	"0"	"0"	"0"	"0"	"0"	"0"	"from"	"location"	"ttingen"	"where"	"he"	"stay"	"for"	"day"	"he"	"write"	"first"	"question"	"ask"	"everywhere"	"be"	"about"	"galvanism"	"0"	"0"	"0"	"0"	"0"	"0"	"0"	"0"	"0"	"0"	"0"	"0"	"0"	"0"	"0"	"0"	"0"	"0"	"0"	"0"	"0"	"0"	"0"	"0"	"0"	"0"	"0"	"0"	"0"	"0"	"0"	"0"	"0"	"0"	"0"	"0"	"0"	"0"	"0"	"0"	
"2:32:00::"	"give_up"	","	"person"	"and"	"person_give_up"	"give_up_,"	",_and"	"so_person_give_up"	"person_give_up_,"	"give_up_,_and"	",_and_accept"	"RB"	"NNP"	"VB"	"VB"	"ε"	"CC"	"VB"	"0"	"0"	"0"	"0"	"0"	"0"	"0"	"0"	"0"	"0"	"0"	"0"	"0"	"0"	"0"	"0"	"0"	"0"	"0"	"0"	"0"	"0"	"0"	"0"	"0"	"0"	"0"	"0"	"0"	"0"	"0"	"0"	"so"	"give_up"	"ask"	"and"	"accept"	"her"	"reprieve"	"0"	"0"	"0"	"0"	"0"	"0"	"0"	"0"	"0"	"0"	"0"	"0"	"0"	"0"	"0"	"0"	"0"	"0"	"0"	"0"	"0"	"0"	"0"	"0"	"0"	"0"	"0"	"0"	"0"	"0"	"0"	"0"	"0"	"0"	"0"	"0"	"0"	"0"	"0"	"0"	"0"	
"2:32:00::"	"he"	","	"?"	"when"	"?_he"	"he_,"	",_when"	"''_?_he"	"?_he_,"	"he_,_when"	",_when_she"	"ε"	"ε"	"PRP"	"VB"	"ε"	"WRB"	"PRP"	"0"	"0"	"0"	"0"	"0"	"0"	"0"	"0"	"0"	"0"	"0"	"0"	"0"	"0"	"0"	"0"	"0"	"0"	"0"	"0"	"0"	"0"	"0"	"0"	"0"	"0"	"0"	"0"	"0"	"0"	"and"	"who"	"be"	"he"	"ask"	"when"	"she"	"pass"	"him"	"a"	"glass"	"0"	"0"	"0"	"0"	"0"	"0"	"0"	"0"	"0"	"0"	"0"	"0"	"0"	"0"	"0"	"0"	"0"	"0"	"0"	"0"	"0"	"0"	"0"	"0"	"0"	"0"	"0"	"0"	"0"	"0"	"0"	"0"	"0"	"0"	"0"	"0"	"0"	"0"	"0"	
"2:32:00::"	"she"	"person"	"?"	"that"	"?_she"	"she_person"	"person_that"	"''_?_she"	"?_she_person"	"she_person_that"	"person_that_night"	"ε"	"ε"	"PRP"	"VB"	"NNP"	"IN"	"NN"	"0"	"0"	"0"	"0"	"0"	"0"	"0"	"0"	"0"	"0"	"0"	"0"	"0"	"0"	"0"	"0"	"0"	"0"	"0"	"0"	"0"	"0"	"0"	"0"	"0"	"0"	"0"	"0"	"0"	"who"	"be"	"person"	"anyway"	"ask"	"person"	"that"	"night"	"0"	"0"	"0"	"0"	"0"	"0"	"0"	"0"	"0"	"0"	"0"	"0"	"0"	"0"	"0"	"0"	"0"	"0"	"0"	"0"	"0"	"0"	"0"	"0"	"0"	"0"	"0"	"0"	"0"	"0"	"0"	"0"	"0"	"0"	"0"	"0"	"0"	"0"	"0"	"0"	"0"	"0"	"0"	
"2:32:00::"	"i"	"him"	"∅"	"if"	"∅_i"	"i_him"	"him_if"	"∅_∅_i"	"∅_i_him"	"i_him_if"	"him_if_he"	"ε"	"ε"	"PRP"	"VB"	"PRP"	"IN"	"PRP"	"0"	"0"	"0"	"0"	"0"	"0"	"0"	"0"	"0"	"0"	"0"	"0"	"0"	"0"	"0"	"0"	"0"	"0"	"0"	"0"	"0"	"0"	"0"	"0"	"0"	"0"	"0"	"0"	"0"	"0"	"0"	"0"	"0"	"ask"	"him"	"if"	"he"	"take"	"seed"	"from"	"his"	"own"	"plant"	"0"	"0"	"0"	"0"	"0"	"0"	"0"	"0"	"0"	"0"	"0"	"0"	"0"	"0"	"0"	"0"	"0"	"0"	"0"	"0"	"0"	"0"	"0"	"0"	"0"	"0"	"0"	"0"	"0"	"0"	"0"	"0"	"0"	"0"	"0"	"0"	"0"	
"2:32:01::"	"has"	"that"	"person"	"we"	"person_has"	"has_that"	"that_we"	"∅_person_has"	"person_has_that"	"has_that_we"	"that_we_become"	"ε"	"NNP"	"VBZ"	"VB"	"IN"	"PRP"	"VB"	"0"	"0"	"0"	"0"	"0"	"0"	"0"	"0"	"0"	"0"	"0"	"0"	"0"	"0"	"0"	"0"	"0"	"0"	"0"	"0"	"0"	"0"	"0"	"0"	"0"	"0"	"0"	"0"	"0"	"0"	"0"	"0"	"0"	"has"	"ask"	"that"	"we"	"become"	"a"	"physically"	"fit"	"nation"	"0"	"0"	"0"	"0"	"0"	"0"	"0"	"0"	"0"	"0"	"0"	"0"	"0"	"0"	"0"	"0"	"0"	"0"	"0"	"0"	"0"	"0"	"0"	"0"	"0"	"0"	"0"	"0"	"0"	"0"	"0"	"0"	"0"	"0"	"0"	"0"	"0"	"0"	
"2:32:01::"	"rousseau"	"for"	","	"still"	",_rousseau"	"rousseau_for"	"for_still"	"however_,_rousseau"	",_rousseau_for"	"rousseau_for_still"	"for_still_another"	"RB"	"ε"	"NN"	"VB"	"VB"	"RB"	"JJ"	"0"	"0"	"0"	"0"	"0"	"0"	"0"	"0"	"0"	"0"	"0"	"0"	"0"	"0"	"0"	"0"	"0"	"0"	"0"	"0"	"0"	"0"	"0"	"0"	"0"	"0"	"0"	"0"	"0"	"0"	"immediately"	"after"	"dinner"	"rousseau"	"ask"	"for"	"still"	"another"	"favor"	"0"	"0"	"0"	"0"	"0"	"0"	"0"	"0"	"0"	"0"	"0"	"0"	"0"	"0"	"0"	"0"	"0"	"0"	"0"	"0"	"0"	"0"	"0"	"0"	"0"	"0"	"0"	"0"	"0"	"0"	"0"	"0"	"0"	"0"	"0"	"0"	"0"	"0"	"0"	"0"	"0"	
"2:32:00::"	"?"	"the"	"''"	"child"	"''_?"	"?_the"	"the_child"	"it_''_?"	"''_?_the"	"?_the_child"	"the_child_,"	"PRP"	"ε"	"ε"	"VB"	"DT"	"NN"	"ε"	"0"	"0"	"0"	"0"	"0"	"0"	"0"	"0"	"0"	"0"	"0"	"0"	"0"	"0"	"0"	"0"	"0"	"0"	"0"	"0"	"0"	"0"	"0"	"0"	"0"	"0"	"0"	"0"	"0"	"0"	"0"	"what"	"be"	"ask"	"the"	"child"	"whose"	"reflex"	"and"	"reply"	"be"	"invariably"	"so"	"admirably"	"normal"	"and"	"predictable"	"0"	"0"	"0"	"0"	"0"	"0"	"0"	"0"	"0"	"0"	"0"	"0"	"0"	"0"	"0"	"0"	"0"	"0"	"0"	"0"	"0"	"0"	"0"	"0"	"0"	"0"	"0"	"0"	"0"	"0"	"0"	"0"	"0"	
"2:32:00::"	"?"	"one"	"''"	"of"	"''_?"	"?_one"	"one_of"	"oatmeal_''_?"	"''_?_one"	"?_one_of"	"one_of_the"	"NN"	"ε"	"ε"	"VB"	"NN"	"IN"	"DT"	"0"	"0"	"0"	"0"	"0"	"0"	"0"	"0"	"0"	"0"	"0"	"0"	"0"	"0"	"0"	"0"	"0"	"0"	"0"	"0"	"0"	"0"	"0"	"0"	"0"	"0"	"0"	"0"	"0"	"is"	"it"	"anything"	"like"	"oatmeal"	"ask"	"one"	"of"	"the"	"child"	"0"	"0"	"0"	"0"	"0"	"0"	"0"	"0"	"0"	"0"	"0"	"0"	"0"	"0"	"0"	"0"	"0"	"0"	"0"	"0"	"0"	"0"	"0"	"0"	"0"	"0"	"0"	"0"	"0"	"0"	"0"	"0"	"0"	"0"	"0"	"0"	"0"	"0"	"0"	"0"	"0"	
"2:32:00::"	"instantly"	"."	"doctor"	"∅"	"doctor_instantly"	"instantly_."	"._∅"	"the_doctor_instantly"	"doctor_instantly_."	"instantly_._∅"	"._∅_∅"	"DT"	"NN"	"RB"	"VB"	"ε"	"ε"	"ε"	"0"	"0"	"0"	"0"	"0"	"0"	"0"	"0"	"0"	"0"	"0"	"0"	"0"	"0"	"0"	"0"	"0"	"0"	"0"	"0"	"0"	"0"	"0"	"0"	"0"	"0"	"0"	"0"	"who"	"be"	"that"	"young"	"feller"	"doctor"	"instantly"	"ask"	"0"	"0"	"0"	"0"	"0"	"0"	"0"	"0"	"0"	"0"	"0"	"0"	"0"	"0"	"0"	"0"	"0"	"0"	"0"	"0"	"0"	"0"	"0"	"0"	"0"	"0"	"0"	"0"	"0"	"0"	"0"	"0"	"0"	"0"	"0"	"0"	"0"	"0"	"0"	"0"	"0"	"0"	"0"	"0"	
"2:32:00::"	"he"	"."	"?"	"∅"	"?_he"	"he_."	"._∅"	"''_?_he"	"?_he_."	"he_._∅"	"._∅_∅"	"ε"	"ε"	"PRP"	"VB"	"ε"	"ε"	"ε"	"0"	"0"	"0"	"0"	"0"	"0"	"0"	"0"	"0"	"0"	"0"	"0"	"0"	"0"	"0"	"0"	"0"	"0"	"0"	"0"	"0"	"0"	"0"	"0"	"0"	"0"	"0"	"0"	"0"	"0"	"0"	"sleep"	"well"	"ask"	"0"	"0"	"0"	"0"	"0"	"0"	"0"	"0"	"0"	"0"	"0"	"0"	"0"	"0"	"0"	"0"	"0"	"0"	"0"	"0"	"0"	"0"	"0"	"0"	"0"	"0"	"0"	"0"	"0"	"0"	"0"	"0"	"0"	"0"	"0"	"0"	"0"	"0"	"0"	"0"	"0"	"0"	"0"	"0"	"0"	"0"	
"2:32:01::"	"to"	"person"	"kitchen"	"to"	"kitchen_to"	"to_person"	"person_to"	"the_kitchen_to"	"kitchen_to_person"	"to_person_to"	"person_to_prepare"	"DT"	"NN"	"TO"	"VB"	"NNP"	"TO"	"VB"	"0"	"0"	"0"	"0"	"0"	"0"	"0"	"0"	"0"	"0"	"0"	"0"	"0"	"0"	"0"	"0"	"0"	"0"	"0"	"0"	"0"	"0"	"0"	"0"	"0"	"0"	"when"	"he"	"had"	"give"	"the"	"call"	"a_few"	"thought"	"he"	"go_into"	"the"	"kitchen"	"to"	"ask"	"person"	"to"	"prepare"	"tea"	"and"	"sushi"	"for"	"the"	"visitor"	"use"	"the"	"formal"	"english"	"china"	"and"	"the"	"silver"	"tea_service"	"which"	"had"	"been"	"donate"	"to"	"the"	"mission"	"then"	"he"	"go"	"outside"	"to"	"inspect"	"the"	"grounds"	"0"	"0"	"0"	"0"	"0"	"0"	"0"	
"2:32:01::"	"and"	"her"	"parlor"	"to"	"parlor_and"	"and_her"	"her_to"	"the_parlor_and"	"parlor_and_her"	"and_her_to"	"her_to_make"	"DT"	"NN"	"CC"	"VB"	"PRP"	"TO"	"VB"	"0"	"0"	"0"	"0"	"0"	"0"	"0"	"0"	"0"	"0"	"0"	"0"	"0"	"0"	"0"	"0"	"0"	"0"	"0"	"0"	"0"	"0"	"0"	"0"	"0"	"0"	"0"	"0"	"0"	"0"	"he"	"find"	"person"	"the"	"parlor"	"and"	"ask"	"her"	"to"	"make"	"sure"	"everything"	"be"	"in_order"	"in"	"the"	"residential"	"hall"	"and_then"	"to"	"take_charge"	"of"	"the"	"office"	"while"	"the"	"party"	"be"	"here"	"0"	"0"	"0"	"0"	"0"	"0"	"0"	"0"	"0"	"0"	"0"	"0"	"0"	"0"	"0"	"0"	"0"	"0"	"0"	"0"	"0"	
"2:32:00::"	"person"	","	"then"	"``"	"then_person"	"person_,"	",_``"	"∅_then_person"	"then_person_,"	"person_,_``"	",_``_what"	"ε"	"RB"	"NNP"	"VB"	"ε"	"ε"	"WP"	"0"	"0"	"0"	"0"	"0"	"0"	"0"	"0"	"0"	"0"	"0"	"0"	"0"	"0"	"0"	"0"	"0"	"0"	"0"	"0"	"0"	"0"	"0"	"0"	"0"	"0"	"0"	"0"	"0"	"0"	"0"	"0"	"0"	"person"	"ask"	"what"	"about"	"this"	"group"	"which"	"you"	"mention"	"0"	"0"	"0"	"0"	"0"	"0"	"0"	"0"	"0"	"0"	"0"	"0"	"0"	"0"	"0"	"0"	"0"	"0"	"0"	"0"	"0"	"0"	"0"	"0"	"0"	"0"	"0"	"0"	"0"	"0"	"0"	"0"	"0"	"0"	"0"	"0"	"0"	"0"	
"2:32:01::"	"been"	"to"	"not"	"speak"	"not_been"	"been_to"	"to_speak"	"had_not_been"	"not_been_to"	"been_to_speak"	"to_speak_."	"VBD"	"RB"	"VBN"	"VB"	"TO"	"VB"	"ε"	"0"	"0"	"0"	"0"	"0"	"0"	"0"	"0"	"that"	"it"	"had"	"find"	"a"	"planet"	"on"	"which"	"human_being"	"could"	"live"	"and"	"which"	"was"	"already"	"inhabit"	"by"	"sentient"	"say"	"person"	"forget"	"in"	"his"	"enthusiasm"	"that"	"had"	"not"	"been"	"ask"	"to"	"speak"	"0"	"0"	"0"	"0"	"0"	"0"	"0"	"0"	"0"	"0"	"0"	"0"	"0"	"0"	"0"	"0"	"0"	"0"	"0"	"0"	"0"	"0"	"0"	"0"	"0"	"0"	"0"	"0"	"0"	"0"	"0"	"0"	"0"	"0"	"0"	"0"	"0"	"0"	"0"	"0"	"0"	
"2:32:00::"	"?"	"person"	"''"	"at"	"''_?"	"?_person"	"person_at"	"person_''_?"	"''_?_person"	"?_person_at"	"person_at_one"	"NNP"	"ε"	"ε"	"VB"	"NNP"	"IN"	"JJ"	"0"	"0"	"0"	"0"	"0"	"0"	"0"	"0"	"0"	"0"	"0"	"0"	"0"	"0"	"0"	"0"	"0"	"0"	"0"	"0"	"0"	"0"	"0"	"0"	"0"	"0"	"0"	"0"	"0"	"how"	"many"	"be"	"that"	"ask"	"person"	"at"	"one"	"stage"	"of"	"his"	"excavation"	"project"	"0"	"0"	"0"	"0"	"0"	"0"	"0"	"0"	"0"	"0"	"0"	"0"	"0"	"0"	"0"	"0"	"0"	"0"	"0"	"0"	"0"	"0"	"0"	"0"	"0"	"0"	"0"	"0"	"0"	"0"	"0"	"0"	"0"	"0"	"0"	"0"	"0"	"0"	
"2:32:00::"	"?"	"person"	"''"	"of"	"''_?"	"?_person"	"person_of"	"i_''_?"	"''_?_person"	"?_person_of"	"person_of_an"	"PRP"	"ε"	"ε"	"VB"	"NNP"	"IN"	"DT"	"0"	"0"	"0"	"0"	"0"	"0"	"0"	"0"	"0"	"0"	"0"	"0"	"0"	"0"	"0"	"0"	"0"	"0"	"0"	"0"	"0"	"0"	"0"	"0"	"0"	"0"	"0"	"0"	"i"	"can"	"remove"	"the"	"ball"	"i"	"ask"	"person"	"of"	"an"	"official"	"0"	"0"	"0"	"0"	"0"	"0"	"0"	"0"	"0"	"0"	"0"	"0"	"0"	"0"	"0"	"0"	"0"	"0"	"0"	"0"	"0"	"0"	"0"	"0"	"0"	"0"	"0"	"0"	"0"	"0"	"0"	"0"	"0"	"0"	"0"	"0"	"0"	"0"	"0"	"0"	"0"	
"2:32:01::"	"going_to"	"us"	"'re"	"for"	"'re_going_to"	"going_to_us"	"us_for"	"you_'re_going_to"	"'re_going_to_us"	"going_to_us_for"	"us_for_help"	"PRP"	"VBP"	"VB"	"VB"	"PRP"	"IN"	"NN"	"0"	"0"	"0"	"0"	"0"	"0"	"0"	"0"	"0"	"0"	"0"	"0"	"0"	"0"	"0"	"0"	"0"	"0"	"0"	"0"	"0"	"0"	"0"	"0"	"0"	"0"	"0"	"0"	"someday"	"person"	"say"	"you"	"going_to"	"us"	"for"	"help"	"0"	"0"	"0"	"0"	"0"	"0"	"0"	"0"	"0"	"0"	"0"	"0"	"0"	"0"	"0"	"0"	"0"	"0"	"0"	"0"	"0"	"0"	"0"	"0"	"0"	"0"	"0"	"0"	"0"	"0"	"0"	"0"	"0"	"0"	"0"	"0"	"0"	"0"	"0"	"0"	"0"	"0"	"0"	"0"	
"2:32:01::"	"i'm"	"for"	"that"	"it"	"that_i'm"	"i'm_for"	"for_it"	"be_that_i'm"	"that_i'm_for"	"i'm_for_it"	"for_it_now"	"VB"	"IN"	"PRP"	"VB"	"VB"	"PRP"	"RB"	"0"	"0"	"0"	"0"	"0"	"0"	"0"	"0"	"0"	"0"	"0"	"0"	"0"	"0"	"0"	"0"	"0"	"0"	"0"	"0"	"0"	"0"	"0"	"0"	"0"	"0"	"0"	"0"	"0"	"what"	"you"	"do"	"n't"	"be"	"that"	"i'm"	"ask"	"for"	"it"	"now"	"0"	"0"	"0"	"0"	"0"	"0"	"0"	"0"	"0"	"0"	"0"	"0"	"0"	"0"	"0"	"0"	"0"	"0"	"0"	"0"	"0"	"0"	"0"	"0"	"0"	"0"	"0"	"0"	"0"	"0"	"0"	"0"	"0"	"0"	"0"	"0"	"0"	"0"	"0"	"0"	
"2:32:00::"	"was"	"whether"	"crowd"	"it"	"crowd_was"	"was_whether"	"whether_it"	"the_crowd_was"	"crowd_was_whether"	"was_whether_it"	"whether_it_want"	"DT"	"NN"	"VBD"	"VB"	"IN"	"PRP"	"VB"	"0"	"0"	"0"	"0"	"0"	"0"	"0"	"0"	"0"	"0"	"0"	"0"	"0"	"0"	"0"	"0"	"0"	"0"	"0"	"0"	"0"	"0"	"0"	"0"	"0"	"0"	"0"	"0"	"0"	"0"	"0"	"0"	"when"	"crowd"	"was"	"ask"	"whether"	"it"	"want"	"to"	"wait"	"one"	"more"	"term"	"to"	"make"	"the"	"race"	"it"	"vote"	"no"	"and"	"there"	"be"	"no"	"dissent"	"0"	"0"	"0"	"0"	"0"	"0"	"0"	"0"	"0"	"0"	"0"	"0"	"0"	"0"	"0"	"0"	"0"	"0"	"0"	"0"	"0"	"0"	"0"	"0"	
"2:32:01::"	"will"	"the"	"legislator"	"group"	"legislator_will"	"will_the"	"the_group"	"location_legislator_will"	"legislator_will_the"	"will_the_group"	"the_group_monday"	"NNP"	"NN"	"MD"	"VB"	"DT"	"NNP"	"NN"	"0"	"0"	"0"	"0"	"0"	"0"	"0"	"0"	"0"	"0"	"0"	"0"	"0"	"0"	"0"	"0"	"0"	"0"	"0"	"0"	"0"	"0"	"0"	"0"	"0"	"0"	"0"	"0"	"0"	"0"	"0"	"a"	"veteran"	"legislator"	"will"	"ask"	"the"	"group"	"monday"	"to"	"back"	"federal"	"aid"	"to"	"education"	"something"	"it"	"has"	"consistently"	"oppose"	"in"	"the"	"past"	"0"	"0"	"0"	"0"	"0"	"0"	"0"	"0"	"0"	"0"	"0"	"0"	"0"	"0"	"0"	"0"	"0"	"0"	"0"	"0"	"0"	"0"	"0"	"0"	"0"	"0"	"0"	
"2:32:01::"	"is"	"the"	"group"	"group"	"group_is"	"is_the"	"the_group"	"of_group_is"	"group_is_the"	"is_the_group"	"the_group_in"	"IN"	"NNP"	"VBZ"	"VB"	"DT"	"NNP"	"IN"	"0"	"0"	"0"	"0"	"0"	"0"	"0"	"0"	"0"	"0"	"0"	"0"	"0"	"0"	"0"	"0"	"0"	"0"	"0"	"0"	"0"	"0"	"0"	"0"	"0"	"0"	"0"	"0"	"0"	"0"	"0"	"0"	"person"	"group"	"is"	"ask"	"the"	"group"	"in"	"a"	"privilege"	"resolution"	"to"	"endorse"	"increased"	"federal"	"support"	"for"	"public"	"education"	"provided_that"	"such"	"fund"	"be"	"receive"	"and"	"expend"	"as"	"state"	"funds"	"0"	"0"	"0"	"0"	"0"	"0"	"0"	"0"	"0"	"0"	"0"	"0"	"0"	"0"	"0"	"0"	"0"	"0"	"0"	"0"	
"2:32:00::"	"he"	"."	"?"	"∅"	"?_he"	"he_."	"._∅"	"''_?_he"	"?_he_."	"he_._∅"	"._∅_∅"	"ε"	"ε"	"PRP"	"VB"	"ε"	"ε"	"ε"	"0"	"0"	"0"	"0"	"0"	"0"	"0"	"0"	"0"	"0"	"0"	"0"	"0"	"0"	"0"	"0"	"0"	"0"	"0"	"0"	"0"	"0"	"0"	"0"	"0"	"do"	"you"	"think"	"we"	"need"	"a"	"new"	"person"	"re-explore"	"the"	"anglo-american"	"scene"	"he"	"ask"	"0"	"0"	"0"	"0"	"0"	"0"	"0"	"0"	"0"	"0"	"0"	"0"	"0"	"0"	"0"	"0"	"0"	"0"	"0"	"0"	"0"	"0"	"0"	"0"	"0"	"0"	"0"	"0"	"0"	"0"	"0"	"0"	"0"	"0"	"0"	"0"	"0"	"0"	"0"	"0"	"0"	
"2:32:01::"	"would"	"him"	","	"to"	",_would"	"would_him"	"him_to"	"apologetically_,_would"	",_would_him"	"would_him_to"	"him_to_repeat"	"RB"	"ε"	"MD"	"VB"	"PRP"	"TO"	"VB"	"0"	"0"	"0"	"0"	"0"	"0"	"0"	"0"	"0"	"0"	"0"	"0"	"0"	"0"	"0"	"0"	"0"	"0"	"0"	"0"	"0"	"0"	"0"	"0"	"0"	"0"	"0"	"0"	"person"	"would"	"reply"	"softly"	"and"	"father"	"apologetically"	"would"	"ask"	"him"	"to"	"repeat"	"0"	"0"	"0"	"0"	"0"	"0"	"0"	"0"	"0"	"0"	"0"	"0"	"0"	"0"	"0"	"0"	"0"	"0"	"0"	"0"	"0"	"0"	"0"	"0"	"0"	"0"	"0"	"0"	"0"	"0"	"0"	"0"	"0"	"0"	"0"	"0"	"0"	"0"	"0"	"0"	
"2:32:00::"	"had"	","	"person"	"``"	"person_had"	"had_,"	",_``"	",_person_had"	"person_had_,"	"had_,_``"	",_``_to"	"ε"	"NNP"	"VBD"	"VB"	"ε"	"ε"	"TO"	"0"	"0"	"0"	"0"	"0"	"0"	"0"	"0"	"0"	"0"	"0"	"0"	"0"	"0"	"0"	"0"	"0"	"0"	"0"	"0"	"0"	"0"	"0"	"0"	"0"	"0"	"0"	"0"	"does"	"n't"	"it"	"ever"	"bother"	"person"	"had"	"ask"	"to"	"have"	"people"	"always"	"ask"	"you"	"about"	"your"	"hand"	"0"	"0"	"0"	"0"	"0"	"0"	"0"	"0"	"0"	"0"	"0"	"0"	"0"	"0"	"0"	"0"	"0"	"0"	"0"	"0"	"0"	"0"	"0"	"0"	"0"	"0"	"0"	"0"	"0"	"0"	"0"	"0"	"0"	"0"	"0"	
"2:32:00::"	"always"	"you"	"people"	"about"	"people_always"	"always_you"	"you_about"	"have_people_always"	"people_always_you"	"always_you_about"	"you_about_your"	"VB"	"NN"	"RB"	"VB"	"PRP"	"IN"	"PRP$"	"0"	"0"	"0"	"0"	"0"	"0"	"0"	"0"	"0"	"0"	"0"	"0"	"0"	"0"	"0"	"0"	"0"	"0"	"0"	"0"	"0"	"0"	"0"	"0"	"0"	"does"	"n't"	"it"	"ever"	"bother"	"you"	"person"	"had"	"to"	"have"	"people"	"always"	"ask"	"you"	"about"	"your"	"hand"	"0"	"0"	"0"	"0"	"0"	"0"	"0"	"0"	"0"	"0"	"0"	"0"	"0"	"0"	"0"	"0"	"0"	"0"	"0"	"0"	"0"	"0"	"0"	"0"	"0"	"0"	"0"	"0"	"0"	"0"	"0"	"0"	"0"	"0"	"0"	"0"	"0"	"0"	
"2:32:00::"	"had"	"."	"she"	"∅"	"she_had"	"had_."	"._∅"	"?_she_had"	"she_had_."	"had_._∅"	"._∅_∅"	"ε"	"PRP"	"VBD"	"VB"	"ε"	"ε"	"ε"	"0"	"0"	"0"	"0"	"0"	"0"	"0"	"0"	"0"	"0"	"0"	"0"	"0"	"0"	"0"	"0"	"0"	"0"	"0"	"0"	"0"	"0"	"0"	"0"	"0"	"0"	"0"	"0"	"0"	"how"	"do"	"you"	"like"	"she"	"had"	"ask"	"0"	"0"	"0"	"0"	"0"	"0"	"0"	"0"	"0"	"0"	"0"	"0"	"0"	"0"	"0"	"0"	"0"	"0"	"0"	"0"	"0"	"0"	"0"	"0"	"0"	"0"	"0"	"0"	"0"	"0"	"0"	"0"	"0"	"0"	"0"	"0"	"0"	"0"	"0"	"0"	"0"	"0"	"0"	"0"	
"2:32:00::"	"one"	"about"	"if"	"this"	"if_one"	"one_about"	"about_this"	"∅_if_one"	"if_one_about"	"one_about_this"	"about_this_play"	"ε"	"IN"	"CD"	"VB"	"IN"	"DT"	"NN"	"0"	"0"	"0"	"0"	"0"	"0"	"0"	"0"	"0"	"0"	"0"	"0"	"0"	"0"	"0"	"0"	"0"	"0"	"0"	"0"	"0"	"0"	"0"	"0"	"0"	"0"	"0"	"0"	"0"	"0"	"0"	"0"	"0"	"one"	"ask"	"about"	"this"	"play"	"what"	"it"	"be"	"that"	"come_upon"	"this"	"community"	"and"	"work"	"within"	"it"	"with"	"such"	"terrible"	"power"	"there"	"be"	"no"	"better"	"answer"	"to"	"give"	"than"	"spirit"	"0"	"0"	"0"	"0"	"0"	"0"	"0"	"0"	"0"	"0"	"0"	"0"	"0"	"0"	"0"	"0"	"0"	"0"	
"2:32:01::"	"i"	"person"	","	"to"	",_i"	"i_person"	"person_to"	"boy_,_i"	",_i_person"	"i_person_to"	"person_to_spend"	"NN"	"ε"	"PRP"	"VB"	"NNP"	"TO"	"VB"	"0"	"0"	"0"	"0"	"0"	"0"	"0"	"0"	"0"	"0"	"0"	"0"	"0"	"0"	"0"	"0"	"0"	"0"	"0"	"0"	"0"	"it"	"be"	"at"	"that"	"party"	"that"	"finally"	"overcome"	"my"	"timidity"	"inspire"	"by"	"only"	"half"	"understood"	"and"	"overhear"	"among"	"old"	"boy"	"i"	"ask"	"person"	"to"	"spend"	"new_year's_eve"	"with"	"me"	"0"	"0"	"0"	"0"	"0"	"0"	"0"	"0"	"0"	"0"	"0"	"0"	"0"	"0"	"0"	"0"	"0"	"0"	"0"	"0"	"0"	"0"	"0"	"0"	"0"	"0"	"0"	"0"	"0"	"0"	"0"	
"2:32:00::"	"until"	"."	"it"	"∅"	"it_until"	"until_."	"._∅"	"know_it_until"	"it_until_."	"until_._∅"	"._∅_∅"	"VB"	"PRP"	"IN"	"VB"	"ε"	"ε"	"ε"	"0"	"0"	"0"	"0"	"0"	"0"	"0"	"0"	"0"	"0"	"0"	"0"	"0"	"0"	"0"	"0"	"0"	"0"	"0"	"0"	"0"	"0"	"0"	"0"	"0"	"0"	"0"	"0"	"person"	"had"	"not"	"hear"	"it"	"had"	"not"	"know"	"it"	"until"	"ask"	"0"	"0"	"0"	"0"	"0"	"0"	"0"	"0"	"0"	"0"	"0"	"0"	"0"	"0"	"0"	"0"	"0"	"0"	"0"	"0"	"0"	"0"	"0"	"0"	"0"	"0"	"0"	"0"	"0"	"0"	"0"	"0"	"0"	"0"	"0"	"0"	"0"	"0"	"0"	"0"	"0"	
"2:32:01::"	"was"	"for"	"garden_fresh"	"top"	"garden_fresh_was"	"was_for"	"for_top"	",_garden_fresh_was"	"garden_fresh_was_for"	"was_for_top"	"for_top_speed"	"ε"	"JJ"	"VBD"	"VB"	"VB"	"JJ"	"NN"	"0"	"0"	"0"	"0"	"0"	"0"	"0"	"0"	"0"	"0"	"0"	"0"	"0"	"0"	"0"	"0"	"0"	"0"	"0"	"0"	"0"	"0"	"0"	"0"	"0"	"0"	"0"	"0"	"0"	"toy_with"	"her"	"field"	"in"	"early"	"stage"	"garden_fresh"	"was"	"ask"	"for"	"top"	"speed"	"only"	"in"	"the"	"stretch"	"by"	"jockey"	"person"	"and"	"win"	"by"	"a"	"length"	"and"	"a"	"half"	"in"	"for"	"the"	"furlong"	"0"	"0"	"0"	"0"	"0"	"0"	"0"	"0"	"0"	"0"	"0"	"0"	"0"	"0"	"0"	"0"	"0"	"0"	"0"	"0"	
"2:32:00::"	"person"	"person"	","	"proudly"	",_person"	"person_person"	"person_proudly"	"go_,_person"	",_person_person"	"person_person_proudly"	"person_proudly_,"	"VB"	"ε"	"NNP"	"VB"	"NNP"	"RB"	"ε"	"0"	"0"	"0"	"0"	"0"	"0"	"0"	"0"	"0"	"0"	"0"	"0"	"0"	"0"	"0"	"0"	"0"	"0"	"0"	"0"	"0"	"0"	"0"	"0"	"0"	"0"	"0"	"0"	"0"	"0"	"0"	"after"	"he"	"go"	"person"	"ask"	"person"	"proudly"	"would"	"you"	"take"	"their"	"oath"	"0"	"0"	"0"	"0"	"0"	"0"	"0"	"0"	"0"	"0"	"0"	"0"	"0"	"0"	"0"	"0"	"0"	"0"	"0"	"0"	"0"	"0"	"0"	"0"	"0"	"0"	"0"	"0"	"0"	"0"	"0"	"0"	"0"	"0"	"0"	"0"	"0"	
"2:32:00::"	"she"	","	"?"	"take"	"?_she"	"she_,"	",_take"	"''_?_she"	"?_she_,"	"she_,_take"	",_take_him"	"ε"	"ε"	"PRP"	"VB"	"ε"	"VB"	"PRP"	"0"	"0"	"0"	"0"	"0"	"0"	"0"	"0"	"0"	"0"	"0"	"0"	"0"	"0"	"0"	"0"	"0"	"0"	"0"	"0"	"0"	"0"	"0"	"0"	"0"	"0"	"0"	"0"	"what"	"bring"	"you"	"here"	"again"	"she"	"ask"	"take"	"him"	"and"	"person"	"into"	"the"	"parlor"	"where"	"the"	"shutter"	"were"	"closed"	"against"	"the"	"afternoon"	"sun"	"0"	"0"	"0"	"0"	"0"	"0"	"0"	"0"	"0"	"0"	"0"	"0"	"0"	"0"	"0"	"0"	"0"	"0"	"0"	"0"	"0"	"0"	"0"	"0"	"0"	"0"	"0"	"0"	"0"	
"2:32:01::"	"unless"	"person"	"-"	"to"	"-_unless"	"unless_person"	"person_to"	"rude_-_unless"	"-_unless_person"	"unless_person_to"	"person_to_move"	"JJ"	"ε"	"IN"	"VB"	"NNP"	"TO"	"VB"	"0"	"0"	"0"	"0"	"0"	"0"	"0"	"0"	"0"	"0"	"0"	"0"	"0"	"0"	"0"	"0"	"0"	"0"	"0"	"0"	"0"	"0"	"0"	"0"	"0"	"0"	"0"	"0"	"person"	"be"	"not"	"entirely"	"silent"	"openly"	"rude"	"unless"	"ask"	"person"	"to"	"move"	"to"	"another"	"chair"	"and"	"place"	"himself"	"in"	"the"	"fauteuil"	"that"	"creak"	"so"	"alarmingly"	"be"	"an"	"act"	"of"	"rudeness"	"0"	"0"	"0"	"0"	"0"	"0"	"0"	"0"	"0"	"0"	"0"	"0"	"0"	"0"	"0"	"0"	"0"	"0"	"0"	"0"	"0"	"0"	
"2:32:01::"	"by"	"him"	"conclude"	"to"	"conclude_by"	"by_him"	"him_to"	"she_conclude_by"	"conclude_by_him"	"by_him_to"	"him_to_name"	"PRP"	"VB"	"IN"	"VB"	"PRP"	"TO"	"VB"	"0"	"0"	"0"	"0"	"0"	"0"	"0"	"0"	"0"	"0"	"0"	"0"	"0"	"0"	"0"	"0"	"0"	"0"	"0"	"0"	"0"	"0"	"0"	"0"	"0"	"0"	"0"	"0"	"0"	"0"	"0"	"0"	"she"	"by"	"ask"	"him"	"to"	"name"	"another"	"hour"	"should"	"this"	"one"	"be"	"inconvenient"	"0"	"0"	"0"	"0"	"0"	"0"	"0"	"0"	"0"	"0"	"0"	"0"	"0"	"0"	"0"	"0"	"0"	"0"	"0"	"0"	"0"	"0"	"0"	"0"	"0"	"0"	"0"	"0"	"0"	"0"	"0"	"0"	"0"	"0"	"0"	
"2:32:01::"	"by"	"for"	"conclude"	"a"	"conclude_by"	"by_for"	"for_a"	"she_conclude_by"	"conclude_by_for"	"by_for_a"	"for_a_brief"	"PRP"	"VB"	"IN"	"VB"	"VB"	"DT"	"JJ"	"0"	"0"	"0"	"0"	"0"	"0"	"0"	"0"	"0"	"0"	"0"	"0"	"0"	"0"	"0"	"0"	"0"	"0"	"0"	"0"	"0"	"0"	"0"	"0"	"0"	"0"	"0"	"0"	"0"	"0"	"0"	"0"	"she"	"by"	"ask"	"for"	"a"	"brief"	"interview"	"to"	"settle"	"with"	"you"	"where"	"and"	"she"	"throw_in"	"a"	"tribute"	"to"	"his"	"gentle"	"manners"	"and"	"the"	"wild"	"originality"	"of"	"your"	"countenance"	"0"	"0"	"0"	"0"	"0"	"0"	"0"	"0"	"0"	"0"	"0"	"0"	"0"	"0"	"0"	"0"	"0"	"0"	"0"	"0"	
