"SENSE"	"A1"	"A2"	"A3"	"A4"	"A5"	"A6"	"A7"	"A8"	"A9"	"A10"	"A11"	"A12"	"A13"	"A14"	"A15"	"A16"	"A17"	"A18"	"A19"	"A20"	"A21"	"A22"	"A23"	"A24"	"A25"	"A26"	"A27"	"A28"	"A29"	"A30"	"A31"	"A32"	"A33"	"A34"	"A35"	"A36"	"A37"	"A38"	"A39"	"A40"	"A41"	"A42"	"A43"	"A44"	"A45"	"A46"	"A47"	"A48"	"A49"	"A50"	"A51"	"A52"	"A53"	"A54"	"A55"	"A56"	"A57"	"A58"	"A59"	"A60"	"A61"	"A62"	"A63"	"A64"	"A65"	"A66"	"A67"	"A68"	"A69"	"A70"	"A71"	"A72"	"A73"	"A74"	"A75"	"A76"	"A77"	"A78"	"A79"	"A80"	"A81"	"A82"	"A83"	"A84"	"A85"	"A86"	"A87"	"A88"	"A89"	"A90"	"A91"	"A92"	"A93"	"A94"	"A95"	"A96"	"A97"	"A98"	"A99"	"A100"	"A101"	"A102"	"A103"	"A104"
"5:00:00:definite:00"	"do"	"job"	"to"	"."	"to_do"	"do_job"	"job_."	"machinery_to_do"	"to_do_job"	"do_job_."	"job_._∅"	"NN"	"TO"	"VB"	"JJ"	"NN"	"ε"	"ε"	"0"	"0"	"0"	"0"	"0"	"0"	"0"	"0"	"0"	"0"	"0"	"0"	"0"	"0"	"0"	"0"	"0"	"0"	"0"	"0"	"0"	"0"	"0"	"0"	"you"	"can"	"keep_down"	"your"	"machinery"	"investment"	"down"	"by"	"buy"	"good"	"secondhand"	"machinery"	"by"	"share"	"the"	"cost"	"and"	"upkeep"	"of"	"with"	"a"	"neighbor"	"and"	"by"	"hire"	"someone"	"with"	"machinery"	"to"	"do"	"certain"	"job"	"0"	"0"	"0"	"0"	"0"	"0"	"0"	"0"	"0"	"0"	"0"	"0"	"0"	"0"	"0"	"0"	"0"	"0"	"0"	"0"	"0"	"0"	"0"	"0"	"0"	"0"	"0"	"0"	"0"	"0"	
"5:00:00:definite:00"	"are"	"presupposition"	"mimesis"	"concern"	"mimesis_are"	"are_presupposition"	"presupposition_concern"	"of_mimesis_are"	"mimesis_are_presupposition"	"are_presupposition_concern"	"presupposition_concern_the"	"IN"	"NN"	"VB"	"JJ"	"NN"	"VB"	"DT"	"0"	"0"	"0"	"0"	"0"	"0"	"0"	"0"	"0"	"0"	"0"	"0"	"0"	"0"	"0"	"0"	"0"	"0"	"0"	"0"	"0"	"0"	"0"	"0"	"0"	"0"	"0"	"0"	"0"	"0"	"0"	"0"	"0"	"0"	"0"	"0"	"0"	"0"	"0"	"0"	"0"	"underlie"	"these"	"of"	"mimesis"	"are"	"certain"	"presupposition"	"concern"	"the"	"nature"	"of"	"primary"	"human"	"experience"	"which"	"require"	"some"	"exposition"	"before"	"the"	"main"	"argument"	"can"	"proceed"	"0"	"0"	"0"	"0"	"0"	"0"	"0"	"0"	"0"	"0"	"0"	"0"	"0"	"0"	"0"	"0"	"0"	"0"	"0"	"0"	"0"	
"5:00:00:definite:00"	"of"	"data_processing"	"application"	"technique"	"application_of"	"of_data_processing"	"data_processing_technique"	"the_application_of"	"application_of_data_processing"	"of_data_processing_technique"	"data_processing_technique_as"	"DT"	"NN"	"IN"	"JJ"	"NN"	"NN"	"IN"	"0"	"0"	"0"	"0"	"0"	"0"	"0"	"0"	"0"	"0"	"0"	"0"	"0"	"0"	"0"	"0"	"0"	"0"	"0"	"0"	"0"	"0"	"0"	"0"	"0"	"0"	"0"	"0"	"0"	"0"	"0"	"0"	"0"	"0"	"0"	"0"	"0"	"0"	"0"	"0"	"0"	"we"	"suggest"	"application"	"of"	"certain"	"data_processing"	"technique"	"as"	"a"	"solution"	"to"	"the"	"problem"	"0"	"0"	"0"	"0"	"0"	"0"	"0"	"0"	"0"	"0"	"0"	"0"	"0"	"0"	"0"	"0"	"0"	"0"	"0"	"0"	"0"	"0"	"0"	"0"	"0"	"0"	"0"	"0"	"0"	"0"	"0"	"0"	
"5:00:00:definite:00"	"expect"	"nicety"	"to"	"and"	"to_expect"	"expect_nicety"	"nicety_and"	"come_to_expect"	"to_expect_nicety"	"expect_nicety_and"	"nicety_and_flourish"	"VB"	"VB"	"VB"	"JJ"	"NN"	"CC"	"NN"	"0"	"0"	"0"	"0"	"0"	"0"	"0"	"0"	"0"	"0"	"0"	"0"	"0"	"0"	"0"	"0"	"0"	"0"	"0"	"0"	"0"	"0"	"0"	"0"	"0"	"0"	"0"	"0"	"0"	"0"	"0"	"0"	"0"	"some"	"distribution"	"cost"	"are"	"keep"	"up"	"by"	"competitive"	"pressure"	"some"	"the"	"fact"	"that"	"the"	"customer"	"have"	"come"	"to"	"expect"	"certain"	"nicety"	"and"	"flourish"	"0"	"0"	"0"	"0"	"0"	"0"	"0"	"0"	"0"	"0"	"0"	"0"	"0"	"0"	"0"	"0"	"0"	"0"	"0"	"0"	"0"	"0"	"0"	"0"	"0"	"0"	"0"	"0"	"0"	"0"	
"3:00:02::"	"be"	"that"	"to"	"all"	"to_be"	"be_that"	"that_all"	"period_to_be"	"to_be_that"	"be_that_all"	"that_all_time"	"NN"	"TO"	"VB"	"JJ"	"IN"	"JJ"	"NN"	"0"	"0"	"0"	"0"	"0"	"0"	"0"	"0"	"0"	"0"	"0"	"0"	"0"	"0"	"0"	"0"	"0"	"0"	"0"	"0"	"0"	"0"	"0"	"0"	"0"	"0"	"0"	"0"	"0"	"0"	"0"	"0"	"0"	"0"	"0"	"0"	"0"	"0"	"are"	"you"	"carefully"	"police"	"washup"	"and"	"rest"	"period"	"to"	"be"	"certain"	"that"	"all"	"time"	"be"	"productive"	"0"	"0"	"0"	"0"	"0"	"0"	"0"	"0"	"0"	"0"	"0"	"0"	"0"	"0"	"0"	"0"	"0"	"0"	"0"	"0"	"0"	"0"	"0"	"0"	"0"	"0"	"0"	"0"	"0"	"0"	"0"	"0"	
"5:00:00:definite:00"	"on"	"military"	"country"	"supply"	"country_on"	"on_military"	"military_supply"	"in_country_on"	"country_on_military"	"on_military_supply"	"military_supply_item"	"IN"	"NN"	"IN"	"JJ"	"JJ"	"NN"	"NN"	"0"	"0"	"0"	"0"	"0"	"0"	"0"	"0"	"0"	"0"	"0"	"0"	"0"	"0"	"0"	"0"	"0"	"0"	"0"	"0"	"0"	"0"	"0"	"0"	"0"	"0"	"0"	"0"	"0"	"0"	"0"	"0"	"0"	"the"	"department_of_defense"	"appropriation"	"act"	"for"	"the"	"past"	"several"	"year"	"have"	"a"	"rider"	"which"	"limit"	"competitive"	"bid"	"by"	"firm"	"in"	"country"	"on"	"certain"	"military"	"supply"	"item"	"0"	"0"	"0"	"0"	"0"	"0"	"0"	"0"	"0"	"0"	"0"	"0"	"0"	"0"	"0"	"0"	"0"	"0"	"0"	"0"	"0"	"0"	"0"	"0"	"0"	"0"	"0"	"0"	
"5:00:00:definite:00"	"a"	"point"	"beyond"	","	"beyond_a"	"a_point"	"point_,"	"∅_beyond_a"	"beyond_a_point"	"a_point_,"	"point_,_of_course"	"ε"	"IN"	"DT"	"JJ"	"NN"	"ε"	"RB"	"0"	"0"	"0"	"0"	"0"	"0"	"0"	"0"	"0"	"0"	"0"	"0"	"0"	"0"	"0"	"0"	"0"	"0"	"0"	"0"	"0"	"0"	"0"	"0"	"0"	"0"	"0"	"0"	"0"	"0"	"0"	"0"	"0"	"0"	"0"	"0"	"0"	"0"	"0"	"0"	"0"	"0"	"0"	"a"	"certain"	"point"	"of_course"	"no"	"woman"	"can"	"be"	"dominant"	"nature"	"has"	"see"	"to"	"that"	"0"	"0"	"0"	"0"	"0"	"0"	"0"	"0"	"0"	"0"	"0"	"0"	"0"	"0"	"0"	"0"	"0"	"0"	"0"	"0"	"0"	"0"	"0"	"0"	"0"	"0"	"0"	"0"	"0"	
"5:00:00:definite:00"	"a"	"number"	","	"of"	",_a"	"a_number"	"number_of"	"say_,_a"	",_a_number"	"a_number_of"	"number_of_docile"	"VB"	"ε"	"DT"	"JJ"	"NN"	"IN"	"JJ"	"0"	"0"	"0"	"0"	"0"	"0"	"0"	"0"	"0"	"0"	"0"	"0"	"0"	"0"	"0"	"0"	"0"	"0"	"0"	"0"	"0"	"0"	"0"	"0"	"0"	"0"	"0"	"0"	"0"	"0"	"0"	"0"	"0"	"0"	"0"	"0"	"0"	"0"	"0"	"0"	"0"	"furthermore"	"person"	"a"	"certain"	"number"	"of"	"docile"	"retiring"	"man"	"always"	"have"	"be"	"around"	"0"	"0"	"0"	"0"	"0"	"0"	"0"	"0"	"0"	"0"	"0"	"0"	"0"	"0"	"0"	"0"	"0"	"0"	"0"	"0"	"0"	"0"	"0"	"0"	"0"	"0"	"0"	"0"	"0"	"0"	"0"	"0"	
"5:00:00:definite:00"	"that"	"people"	"be"	"be_born"	"be_that"	"that_people"	"people_be_born"	"might_be_that"	"be_that_people"	"that_people_be_born"	"people_be_born_with"	"MD"	"VB"	"IN"	"JJ"	"NN"	"VB"	"IN"	"0"	"0"	"0"	"0"	"0"	"0"	"0"	"0"	"0"	"0"	"0"	"0"	"0"	"0"	"0"	"0"	"0"	"0"	"0"	"0"	"0"	"0"	"0"	"0"	"0"	"0"	"0"	"0"	"0"	"0"	"0"	"0"	"0"	"0"	"0"	"0"	"0"	"0"	"0"	"0"	"0"	"0"	"it"	"be"	"that"	"certain"	"people"	"be_born"	"with"	"a"	"compulsion"	"to"	"complicate"	"their"	"life"	"while"	"could"	"live"	"blissfully"	"motionless"	"almost"	"indefinitely"	"like"	"lizard"	"in"	"the"	"sun"	"too"	"indolent"	"to"	"blink"	"their"	"eye"	"0"	"0"	"0"	"0"	"0"	"0"	"0"	"0"	"0"	"0"	"0"	"0"	"0"	
"5:00:00:definite:00"	"in"	"limited"	","	"circumstance"	",_in"	"in_limited"	"limited_circumstance"	"that_,_in"	",_in_limited"	"in_limited_circumstance"	"limited_circumstance_,"	"RB"	"ε"	"IN"	"JJ"	"JJ"	"NN"	"ε"	"0"	"0"	"0"	"0"	"0"	"0"	"0"	"0"	"0"	"0"	"0"	"0"	"0"	"0"	"0"	"0"	"0"	"0"	"0"	"0"	"0"	"0"	"0"	"0"	"0"	"0"	"0"	"0"	"0"	"0"	"0"	"0"	"in"	"the"	"lambeth_conference"	"again"	"affirm"	"the"	"primary"	"purpose"	"of"	"marriage"	"to"	"the"	"procreation"	"of"	"child"	"but"	"concede"	"that"	"in"	"certain"	"limited"	"circumstance"	"contraception"	"might"	"be"	"morally"	"legitimate"	"0"	"0"	"0"	"0"	"0"	"0"	"0"	"0"	"0"	"0"	"0"	"0"	"0"	"0"	"0"	"0"	"0"	"0"	"0"	"0"	"0"	"0"	"0"	"0"	"0"	"0"	"0"	
"5:00:00:definite:00"	"at"	"time"	","	","	",_at"	"at_time"	"time_,"	"deem_,_at"	",_at_time"	"at_time_,"	"time_,_to"	"VB"	"ε"	"IN"	"JJ"	"NN"	"ε"	"TO"	"0"	"0"	"0"	"0"	"0"	"0"	"0"	"0"	"0"	"0"	"0"	"0"	"0"	"0"	"0"	"0"	"0"	"0"	"0"	"0"	"0"	"0"	"0"	"0"	"0"	"0"	"0"	"0"	"0"	"an"	"action"	"once"	"universally"	"condemn"	"by"	"all"	"christian_church"	"and"	"forbid"	"by"	"the"	"civil_law"	"is"	"not_only"	"approve"	"by"	"the"	"overwhelming"	"majority"	"of"	"protestant_denomination"	"but"	"also"	"deem"	"at"	"certain"	"time"	"to"	"be"	"a"	"religious"	"duty"	"0"	"0"	"0"	"0"	"0"	"0"	"0"	"0"	"0"	"0"	"0"	"0"	"0"	"0"	"0"	"0"	"0"	"0"	"0"	"0"	"0"	"0"	"0"	"0"	
"5:00:00:definite:00"	"a"	"short_story"	","	"plot"	",_a"	"a_short_story"	"short_story_plot"	"vein_,_a"	",_a_short_story"	"a_short_story_plot"	"short_story_plot_has"	"NN"	"ε"	"DT"	"JJ"	"NN"	"NN"	"VBZ"	"0"	"0"	"0"	"0"	"0"	"0"	"0"	"0"	"0"	"0"	"0"	"0"	"0"	"0"	"0"	"0"	"0"	"0"	"0"	"0"	"0"	"0"	"0"	"0"	"0"	"0"	"0"	"0"	"0"	"0"	"0"	"0"	"0"	"0"	"0"	"0"	"0"	"0"	"0"	"0"	"0"	"in"	"the"	"vein"	"a"	"certain"	"short_story"	"plot"	"has"	"been"	"overwork"	"0"	"0"	"0"	"0"	"0"	"0"	"0"	"0"	"0"	"0"	"0"	"0"	"0"	"0"	"0"	"0"	"0"	"0"	"0"	"0"	"0"	"0"	"0"	"0"	"0"	"0"	"0"	"0"	"0"	"0"	"0"	"0"	"0"	"0"	"0"	
"5:00:00:definite:00"	"a"	"confusion"	"clear_up"	"in"	"clear_up_a"	"a_confusion"	"confusion_in"	"of_clear_up_a"	"clear_up_a_confusion"	"a_confusion_in"	"confusion_in_the"	"IN"	"VB"	"DT"	"JJ"	"NN"	"IN"	"DT"	"0"	"0"	"0"	"0"	"0"	"0"	"0"	"0"	"0"	"0"	"0"	"0"	"0"	"0"	"0"	"0"	"0"	"0"	"0"	"0"	"0"	"0"	"0"	"0"	"0"	"0"	"0"	"0"	"0"	"0"	"0"	"it"	"occur"	"to"	"me"	"that"	"you"	"might"	"be"	"interested"	"in"	"some"	"thought"	"i"	"express"	"privately"	"in"	"recent"	"year"	"in"	"the"	"hope"	"of"	"clear_up"	"a"	"certain"	"confusion"	"in"	"the"	"public"	"mind"	"about"	"what"	"foreign_policy"	"be"	"all"	"about"	"and"	"what"	"it"	"mean"	"and"	"of"	"develop"	"a"	"certain"	"compassion"	"for"	"those"	"who"	"are"	"carry"	"such"	"responsibility"	"inside"	"government"	
"5:00:00:definite:00"	"a"	"compassion"	"develop"	"for"	"develop_a"	"a_compassion"	"compassion_for"	"of_develop_a"	"develop_a_compassion"	"a_compassion_for"	"compassion_for_those"	"IN"	"VB"	"DT"	"JJ"	"NN"	"IN"	"DT"	"to"	"me"	"that"	"you"	"might"	"be"	"interested"	"in"	"some"	"thought"	"which"	"i"	"express"	"privately"	"in"	"recent"	"year"	"in"	"the"	"hope"	"of"	"clear_up"	"a"	"certain"	"confusion"	"in"	"the"	"public"	"mind"	"about"	"what"	"foreign_policy"	"be"	"all"	"about"	"and"	"what"	"it"	"mean"	"and"	"of"	"develop"	"a"	"compassion"	"for"	"those"	"who"	"are"	"carry"	"such"	"responsibility"	"inside"	"government"	"0"	"0"	"0"	"0"	"0"	"0"	"0"	"0"	"0"	"0"	"0"	"0"	"0"	"0"	"0"	"0"	"0"	"0"	"0"	"0"	"0"	"0"	"0"	"0"	"0"	"0"	"0"	"0"	"0"	"0"	"0"	"0"	"0"	
"5:00:00:definite:00"	"and"	"deduction"	"expense"	"attributable"	"expense_and"	"and_deduction"	"deduction_attributable"	"necessary_expense_and"	"expense_and_deduction"	"and_deduction_attributable"	"deduction_attributable_to"	"JJ"	"NN"	"CC"	"JJ"	"NN"	"JJ"	"TO"	"0"	"0"	"0"	"0"	"0"	"0"	"0"	"0"	"0"	"0"	"0"	"0"	"0"	"0"	"0"	"0"	"0"	"0"	"0"	"0"	"0"	"0"	"0"	"0"	"0"	"0"	"0"	"0"	"0"	"0"	"0"	"0"	"if"	"you"	"hold"	"property"	"for"	"the"	"production"	"of"	"rent"	"or"	"royalty"	"subtract"	"in"	"compute"	"adjusted_gross_income"	"ordinary"	"and"	"necessary"	"expense"	"and"	"certain"	"deduction"	"attributable"	"to"	"the"	"property"	"0"	"0"	"0"	"0"	"0"	"0"	"0"	"0"	"0"	"0"	"0"	"0"	"0"	"0"	"0"	"0"	"0"	"0"	"0"	"0"	"0"	"0"	"0"	"0"	"0"	"0"	"0"	"0"	
"5:00:00:definite:00"	"∅"	"deduction"	"∅"	"are"	"∅_∅"	"∅_deduction"	"deduction_are"	"∅_∅_∅"	"∅_∅_deduction"	"∅_deduction_are"	"deduction_are_not"	"ε"	"ε"	"ε"	"JJ"	"NN"	"VB"	"RB"	"0"	"0"	"0"	"0"	"0"	"0"	"0"	"0"	"0"	"0"	"0"	"0"	"0"	"0"	"0"	"0"	"0"	"0"	"0"	"0"	"0"	"0"	"0"	"0"	"0"	"0"	"0"	"0"	"0"	"0"	"0"	"0"	"0"	"0"	"0"	"0"	"0"	"0"	"0"	"0"	"0"	"0"	"0"	"deduction"	"are"	"not"	"allow"	"in"	"determine"	"adjusted_gross_income"	"0"	"0"	"0"	"0"	"0"	"0"	"0"	"0"	"0"	"0"	"0"	"0"	"0"	"0"	"0"	"0"	"0"	"0"	"0"	"0"	"0"	"0"	"0"	"0"	"0"	"0"	"0"	"0"	"0"	"0"	"0"	"0"	"0"	"0"	"0"	"0"	
"3:00:02::"	"'"	"'"	"the"	"list"	"the_'"	"'_'"	"'_list"	"on_the_'"	"the_'_'"	"'_'_list"	"'_list_``"	"IN"	"DT"	"ε"	"JJ"	"ε"	"NN"	"ε"	"0"	"0"	"0"	"0"	"0"	"0"	"0"	"0"	"0"	"0"	"0"	"0"	"0"	"0"	"0"	"0"	"0"	"0"	"0"	"0"	"0"	"0"	"0"	"0"	"0"	"0"	"0"	"0"	"0"	"0"	"0"	"0"	"0"	"0"	"0"	"0"	"0"	"0"	"in"	"your"	"opinion"	"who"	"be"	"person"	"on"	"the"	"certain"	"list"	"0"	"0"	"0"	"0"	"0"	"0"	"0"	"0"	"0"	"0"	"0"	"0"	"0"	"0"	"0"	"0"	"0"	"0"	"0"	"0"	"0"	"0"	"0"	"0"	"0"	"0"	"0"	"0"	"0"	"0"	"0"	"0"	"0"	"0"	"0"	"0"	"0"	"0"	
"5:00:00:definite:00"	"a"	"amount"	"make"	"of"	"make_a"	"a_amount"	"amount_of"	"that_make_a"	"make_a_amount"	"a_amount_of"	"amount_of_logic"	"DT"	"VB"	"DT"	"JJ"	"NN"	"IN"	"NN"	"0"	"0"	"0"	"0"	"0"	"0"	"0"	"0"	"0"	"0"	"0"	"0"	"0"	"0"	"0"	"0"	"0"	"0"	"0"	"0"	"0"	"0"	"0"	"0"	"0"	"0"	"0"	"0"	"0"	"0"	"0"	"0"	"0"	"0"	"0"	"0"	"0"	"0"	"0"	"0"	"0"	"0"	"that"	"a"	"certain"	"amount"	"of"	"logic"	"0"	"0"	"0"	"0"	"0"	"0"	"0"	"0"	"0"	"0"	"0"	"0"	"0"	"0"	"0"	"0"	"0"	"0"	"0"	"0"	"0"	"0"	"0"	"0"	"0"	"0"	"0"	"0"	"0"	"0"	"0"	"0"	"0"	"0"	"0"	"0"	"0"	"0"	
"3:00:01::"	"be"	"now"	"it"	"that"	"it_be"	"be_now"	"now_that"	"∅_it_be"	"it_be_now"	"be_now_that"	"now_that_person"	"ε"	"PRP"	"VB"	"JJ"	"RB"	"IN"	"NNP"	"0"	"0"	"0"	"0"	"0"	"0"	"0"	"0"	"0"	"0"	"0"	"0"	"0"	"0"	"0"	"0"	"0"	"0"	"0"	"0"	"0"	"0"	"0"	"0"	"0"	"0"	"0"	"0"	"0"	"0"	"0"	"0"	"0"	"0"	"0"	"0"	"0"	"0"	"0"	"0"	"0"	"0"	"0"	"be"	"certain"	"now"	"that"	"person"	"be"	"in"	"the"	"house"	"but"	"also"	"presumably"	"be"	"person"	"0"	"0"	"0"	"0"	"0"	"0"	"0"	"0"	"0"	"0"	"0"	"0"	"0"	"0"	"0"	"0"	"0"	"0"	"0"	"0"	"0"	"0"	"0"	"0"	"0"	"0"	"0"	"0"	"0"	
"3:00:01::"	"be"	"-"	"thing"	"his"	"thing_be"	"be_-"	"-_his"	"one_thing_be"	"thing_be_-"	"be_-_his"	"-_his_method"	"JJ"	"NN"	"VB"	"JJ"	"ε"	"PRP$"	"NN"	"0"	"0"	"0"	"0"	"0"	"0"	"0"	"0"	"0"	"0"	"0"	"0"	"0"	"0"	"0"	"0"	"0"	"0"	"0"	"0"	"0"	"0"	"0"	"0"	"0"	"0"	"0"	"0"	"0"	"0"	"0"	"0"	"0"	"0"	"0"	"0"	"0"	"0"	"0"	"0"	"0"	"0"	"one"	"be"	"certain"	"his"	"method"	"be"	"effective"	"so"	"effective"	"that"	"after"	"a"	"time"	"even"	"the"	"warning"	"notice"	"be"	"often"	"unnecessary"	"0"	"0"	"0"	"0"	"0"	"0"	"0"	"0"	"0"	"0"	"0"	"0"	"0"	"0"	"0"	"0"	"0"	"0"	"0"	"0"	"0"	"0"	"0"	"0"	
"5:00:00:definite:00"	"mop_up"	"area"	"to"	","	"to_mop_up"	"mop_up_area"	"area_,"	"but_to_mop_up"	"to_mop_up_area"	"mop_up_area_,"	"area_,_to"	"CC"	"TO"	"VB"	"JJ"	"NN"	"ε"	"TO"	"0"	"0"	"0"	"0"	"0"	"0"	"0"	"0"	"0"	"0"	"0"	"0"	"0"	"0"	"0"	"0"	"0"	"0"	"0"	"0"	"0"	"0"	"0"	"0"	"0"	"0"	"0"	"0"	"0"	"0"	"0"	"0"	"in_addition_to"	"the"	"usual"	"tool"	"i"	"make"	"constant"	"use"	"of"	"cleansing"	"tissue"	"to"	"wipe"	"my"	"brush"	"but"	"to"	"mop_up"	"certain"	"area"	"to"	"soften"	"edge"	"and"	"to"	"open_up"	"light"	"in"	"dark"	"wash"	"0"	"0"	"0"	"0"	"0"	"0"	"0"	"0"	"0"	"0"	"0"	"0"	"0"	"0"	"0"	"0"	"0"	"0"	"0"	"0"	"0"	"0"	"0"	"0"	
"5:00:00:definite:00"	"under"	"circumstance"	"consonantal"	","	"consonantal_under"	"under_circumstance"	"circumstance_,"	"be_consonantal_under"	"consonantal_under_circumstance"	"under_circumstance_,"	"circumstance_,_and"	"VB"	"JJ"	"IN"	"JJ"	"NN"	"ε"	"CC"	"0"	"0"	"0"	"0"	"0"	"0"	"0"	"0"	"0"	"0"	"0"	"0"	"0"	"0"	"0"	"0"	"0"	"0"	"0"	"0"	"0"	"0"	"0"	"0"	"0"	"0"	"0"	"0"	"0"	"0"	"0"	"0"	"0"	"syllable"	"be"	"linguistic_unit"	"center"	"in"	"peak"	"which"	"be"	"usually"	"vocalic"	"as"	"has"	"been"	"note"	"be"	"consonantal"	"under"	"certain"	"circumstance"	"and"	"which"	"may"	"or"	"may"	"not"	"be"	"combine"	"with"	"preceding"	"and"	"or"	"following"	"consonant"	"or"	"combination"	"of"	"consonant"	"0"	"0"	"0"	"0"	"0"	"0"	"0"	"0"	"0"	"0"	"0"	"0"	"0"	"0"	"0"	"0"	
"5:00:00:definite:00"	"a"	"staginess"	"was"	"to"	"was_a"	"a_staginess"	"staginess_to"	"there_was_a"	"was_a_staginess"	"a_staginess_to"	"staginess_to_it"	"EX"	"VBD"	"DT"	"JJ"	"NN"	"RB"	"RB"	"0"	"0"	"0"	"0"	"0"	"0"	"0"	"0"	"0"	"0"	"0"	"0"	"0"	"0"	"0"	"0"	"0"	"0"	"0"	"0"	"0"	"0"	"0"	"0"	"0"	"0"	"0"	"0"	"0"	"0"	"0"	"0"	"0"	"0"	"0"	"0"	"0"	"0"	"and"	"when"	"he"	"come"	"to"	"the"	"scene"	"there"	"was"	"a"	"certain"	"staginess"	"to"	"it"	"it"	"have"	"the"	"smell"	"of"	"planning"	"and"	"a"	"swift"	"suspicion"	"dart"	"into"	"his"	"mind"	"0"	"0"	"0"	"0"	"0"	"0"	"0"	"0"	"0"	"0"	"0"	"0"	"0"	"0"	"0"	"0"	"0"	"0"	"0"	"0"	
"3:00:03::"	"nothing"	"but"	","	"that"	",_nothing"	"nothing_but"	"but_that"	"preparation_,_nothing"	",_nothing_but"	"nothing_but_that"	"but_that_ahead"	"NN"	"ε"	"NN"	"JJ"	"CC"	"IN"	"RB"	"0"	"0"	"0"	"0"	"0"	"0"	"0"	"0"	"0"	"0"	"0"	"0"	"0"	"0"	"0"	"0"	"0"	"0"	"0"	"0"	"0"	"0"	"0"	"0"	"0"	"0"	"0"	"0"	"0"	"0"	"0"	"0"	"0"	"0"	"0"	"0"	"0"	"0"	"0"	"she"	"had"	"catch"	"him"	"no"	"preparation"	"nothing"	"certain"	"but"	"that"	"ahead"	"lie"	"some"	"kind"	"of"	"disaster"	"0"	"0"	"0"	"0"	"0"	"0"	"0"	"0"	"0"	"0"	"0"	"0"	"0"	"0"	"0"	"0"	"0"	"0"	"0"	"0"	"0"	"0"	"0"	"0"	"0"	"0"	"0"	"0"	"0"	"0"	"0"	
"5:00:00:definite:00"	"a"	"amount"	"that"	"of"	"that_a"	"a_amount"	"amount_of"	"seem_that_a"	"that_a_amount"	"a_amount_of"	"amount_of_monitor"	"VB"	"IN"	"DT"	"JJ"	"NN"	"IN"	"VB"	"0"	"0"	"0"	"0"	"0"	"0"	"0"	"0"	"0"	"0"	"0"	"0"	"0"	"0"	"0"	"0"	"0"	"0"	"0"	"0"	"0"	"0"	"0"	"0"	"0"	"0"	"0"	"0"	"0"	"0"	"0"	"0"	"0"	"0"	"0"	"0"	"with"	"troops"	"disperse"	"on"	"field_of_battle"	"rather"	"than"	"the"	"parade_ground"	"it"	"may"	"seem"	"that"	"a"	"certain"	"amount"	"of"	"monitor"	"is"	"automatically"	"enforce"	"by"	"the"	"line"	"of"	"communication"	"0"	"0"	"0"	"0"	"0"	"0"	"0"	"0"	"0"	"0"	"0"	"0"	"0"	"0"	"0"	"0"	"0"	"0"	"0"	"0"	"0"	"0"	"0"	"0"	
"3:00:03::"	"seem"	"thursday"	"act"	"despite"	"act_seem"	"seem_thursday"	"thursday_despite"	"''_act_seem"	"act_seem_thursday"	"seem_thursday_despite"	"thursday_despite_the"	"ε"	"NN"	"VB"	"JJ"	"NN"	"IN"	"DT"	"0"	"0"	"0"	"0"	"0"	"0"	"0"	"0"	"0"	"0"	"0"	"0"	"0"	"0"	"0"	"0"	"0"	"0"	"0"	"0"	"0"	"0"	"0"	"0"	"0"	"0"	"0"	"0"	"0"	"0"	"0"	"0"	"0"	"0"	"0"	"0"	"0"	"0"	"committee"	"approval"	"of"	"person"	"abandoned"	"act"	"seem"	"certain"	"thursday"	"despite"	"the"	"adamant"	"protest"	"of"	"texas"	"banker"	"0"	"0"	"0"	"0"	"0"	"0"	"0"	"0"	"0"	"0"	"0"	"0"	"0"	"0"	"0"	"0"	"0"	"0"	"0"	"0"	"0"	"0"	"0"	"0"	"0"	"0"	"0"	"0"	"0"	"0"	"0"	"0"	
"5:00:00:definite:00"	"a"	"surprise"	"with"	","	"with_a"	"a_surprise"	"surprise_,"	"him_with_a"	"with_a_surprise"	"a_surprise_,"	"surprise_,_and"	"PRP"	"IN"	"DT"	"JJ"	"NN"	"ε"	"RB"	"0"	"0"	"0"	"0"	"0"	"0"	"0"	"0"	"0"	"0"	"0"	"0"	"0"	"0"	"0"	"0"	"0"	"0"	"0"	"0"	"0"	"0"	"0"	"0"	"0"	"0"	"0"	"0"	"0"	"0"	"0"	"0"	"0"	"0"	"0"	"0"	"0"	"0"	"0"	"0"	"the"	"young"	"banker"	"at"	"him"	"with"	"a"	"certain"	"surprise"	"and"	"then"	"he"	"say"	"flatly"	"i'm"	"afraid"	"i"	"can't"	"tell"	"you"	"anything"	"in_particular"	"about"	"location"	"0"	"0"	"0"	"0"	"0"	"0"	"0"	"0"	"0"	"0"	"0"	"0"	"0"	"0"	"0"	"0"	"0"	"0"	"0"	"0"	"0"	"0"	
"5:00:00:definite:00"	"within"	"wide"	"∅"	"limit"	"∅_within"	"within_wide"	"wide_limit"	"∅_∅_within"	"∅_within_wide"	"within_wide_limit"	"wide_limit_anatomy"	"ε"	"ε"	"IN"	"JJ"	"JJ"	"NN"	"NN"	"0"	"0"	"0"	"0"	"0"	"0"	"0"	"0"	"0"	"0"	"0"	"0"	"0"	"0"	"0"	"0"	"0"	"0"	"0"	"0"	"0"	"0"	"0"	"0"	"0"	"0"	"0"	"0"	"0"	"0"	"0"	"0"	"0"	"0"	"0"	"0"	"0"	"0"	"0"	"0"	"0"	"0"	"0"	"certain"	"wide"	"limit"	"anatomy"	"dictate"	"function"	"and"	"if"	"one"	"is"	"permit"	"to"	"speculate"	"potential"	"pathology"	"should"	"be"	"include"	"in"	"this"	"statement"	"as_well"	"0"	"0"	"0"	"0"	"0"	"0"	"0"	"0"	"0"	"0"	"0"	"0"	"0"	"0"	"0"	"0"	"0"	"0"	"0"	"0"	"0"	
"5:00:00:definite:00"	"a"	"experience"	"recognize"	"as"	"recognize_a"	"a_experience"	"experience_as"	"man_recognize_a"	"recognize_a_experience"	"a_experience_as"	"experience_as_the"	"NN"	"VB"	"DT"	"JJ"	"NN"	"RB"	"DT"	"0"	"0"	"0"	"0"	"0"	"0"	"0"	"0"	"0"	"0"	"0"	"0"	"0"	"0"	"0"	"0"	"0"	"0"	"0"	"0"	"0"	"0"	"0"	"0"	"0"	"0"	"0"	"0"	"0"	"0"	"0"	"0"	"0"	"0"	"0"	"0"	"0"	"0"	"0"	"0"	"0"	"when"	"a"	"recognize"	"a"	"certain"	"experience"	"as"	"the"	"exact"	"pattern"	"of"	"a"	"previous"	"dream"	"we"	"have"	"an"	"instance"	"of"	"deja_vu"	"except"	"for"	"the"	"fact"	"that"	"he"	"know"	"just"	"why"	"the"	"experience"	"seem"	"familiar"	"0"	"0"	"0"	"0"	"0"	"0"	"0"	"0"	"0"	"0"	"0"	"0"	
"5:00:00:definite:00"	"a"	"broken"	"about"	"relic"	"about_a"	"a_broken"	"broken_relic"	"information_about_a"	"about_a_broken"	"a_broken_relic"	"broken_relic_,"	"NN"	"IN"	"DT"	"JJ"	"JJ"	"NN"	"ε"	"0"	"0"	"0"	"0"	"0"	"person"	"professor"	"of"	"assyrian"	"at"	"the"	"group"	"dream"	"that"	"a"	"babylonian"	"priest"	"associated"	"with"	"the"	"king"	"person"	"bc"	"escort"	"him"	"to"	"the"	"treasure"	"chamber"	"of"	"the"	"temple"	"of"	"location"	"give"	"him"	"six"	"novel"	"point"	"of"	"information"	"about"	"a"	"broken"	"relic"	"and"	"correct"	"an"	"error"	"in"	"its"	"identification"	"0"	"0"	"0"	"0"	"0"	"0"	"0"	"0"	"0"	"0"	"0"	"0"	"0"	"0"	"0"	"0"	"0"	"0"	"0"	"0"	"0"	"0"	"0"	"0"	"0"	"0"	"0"	"0"	"0"	"0"	"0"	"0"	"0"	"0"	
"5:00:00:definite:00"	"a"	"amount"	"be"	"of"	"be_a"	"a_amount"	"amount_of"	"there_be_a"	"be_a_amount"	"a_amount_of"	"amount_of_agreement"	"EX"	"VB"	"DT"	"JJ"	"NN"	"IN"	"NN"	"0"	"0"	"0"	"0"	"0"	"0"	"0"	"0"	"0"	"0"	"0"	"0"	"0"	"0"	"0"	"0"	"0"	"0"	"0"	"0"	"0"	"0"	"0"	"0"	"0"	"0"	"0"	"0"	"0"	"0"	"0"	"0"	"0"	"0"	"0"	"0"	"0"	"0"	"0"	"in_spite"	"of"	"all"	"the"	"there"	"be"	"a"	"certain"	"amount"	"of"	"agreement"	"on"	"some"	"of"	"the"	"giant"	"0"	"0"	"0"	"0"	"0"	"0"	"0"	"0"	"0"	"0"	"0"	"0"	"0"	"0"	"0"	"0"	"0"	"0"	"0"	"0"	"0"	"0"	"0"	"0"	"0"	"0"	"0"	"0"	"0"	"0"	"0"	
"3:00:01::"	"almost"	"that"	"be"	"some"	"be_almost"	"almost_that"	"that_some"	"it_be_almost"	"be_almost_that"	"almost_that_some"	"that_some_of"	"PRP"	"VB"	"RB"	"JJ"	"IN"	"DT"	"IN"	"0"	"0"	"0"	"0"	"0"	"0"	"0"	"0"	"0"	"0"	"0"	"0"	"0"	"0"	"0"	"0"	"0"	"0"	"0"	"0"	"0"	"0"	"0"	"0"	"0"	"0"	"0"	"0"	"0"	"0"	"0"	"0"	"0"	"0"	"0"	"0"	"0"	"0"	"0"	"0"	"0"	"0"	"it"	"almost"	"certain"	"that"	"some"	"of"	"these"	"usually"	"a_trifle"	"smaller"	"than"	"the"	"honeybee"	"be"	"andrenas"	"or"	"mining_bee"	"0"	"0"	"0"	"0"	"0"	"0"	"0"	"0"	"0"	"0"	"0"	"0"	"0"	"0"	"0"	"0"	"0"	"0"	"0"	"0"	"0"	"0"	"0"	"0"	"0"	"0"	"0"	
"5:00:00:definite:00"	"training"	"phase"	"of"	"of"	"of_training"	"training_phase"	"phase_of"	"year_of_training"	"of_training_phase"	"training_phase_of"	"phase_of_the"	"NN"	"IN"	"NN"	"JJ"	"NN"	"IN"	"DT"	"0"	"0"	"0"	"0"	"0"	"0"	"0"	"0"	"0"	"0"	"0"	"0"	"0"	"0"	"0"	"0"	"0"	"0"	"0"	"0"	"0"	"0"	"0"	"0"	"0"	"0"	"0"	"0"	"0"	"0"	"0"	"0"	"0"	"0"	"0"	"0"	"0"	"0"	"0"	"0"	"0"	"in"	"the"	"year"	"of"	"training"	"certain"	"phase"	"of"	"the"	"work"	"must"	"be"	"cover"	"and"	"the"	"synthetic"	"problem"	"have"	"its"	"use"	"0"	"0"	"0"	"0"	"0"	"0"	"0"	"0"	"0"	"0"	"0"	"0"	"0"	"0"	"0"	"0"	"0"	"0"	"0"	"0"	"0"	"0"	"0"	"0"	"0"	
"5:00:00:definite:00"	"call_attention_to"	"thermodynamic"	"to"	"property"	"to_call_attention_to"	"call_attention_to_thermodynamic"	"thermodynamic_property"	"appropriate_to_call_attention_to"	"to_call_attention_to_thermodynamic"	"call_attention_to_thermodynamic_property"	"thermodynamic_property_of"	"JJ"	"TO"	"VB"	"JJ"	"JJ"	"NN"	"IN"	"0"	"0"	"0"	"0"	"0"	"0"	"0"	"0"	"0"	"0"	"0"	"0"	"0"	"0"	"0"	"0"	"0"	"0"	"0"	"0"	"0"	"0"	"0"	"0"	"0"	"0"	"0"	"0"	"0"	"0"	"0"	"0"	"0"	"0"	"0"	"0"	"0"	"0"	"0"	"0"	"0"	"it"	"be"	"to"	"call_attention_to"	"certain"	"thermodynamic"	"property"	"of"	"an"	"ideal_gas"	"that"	"be"	"analogous"	"to"	"rubberlike"	"deformation"	"0"	"0"	"0"	"0"	"0"	"0"	"0"	"0"	"0"	"0"	"0"	"0"	"0"	"0"	"0"	"0"	"0"	"0"	"0"	"0"	"0"	"0"	"0"	"0"	"0"	"0"	"0"	"0"	"0"	
"5:00:00:definite:00"	"in"	"tissue"	"antigen"	"of"	"antigen_in"	"in_tissue"	"tissue_of"	"wtv_antigen_in"	"antigen_in_tissue"	"in_tissue_of"	"tissue_of_tumor"	"NNP"	"NN"	"IN"	"JJ"	"NN"	"IN"	"NN"	"0"	"0"	"0"	"0"	"0"	"0"	"0"	"0"	"0"	"0"	"0"	"0"	"0"	"0"	"0"	"0"	"0"	"0"	"0"	"0"	"0"	"0"	"0"	"0"	"0"	"0"	"0"	"0"	"0"	"0"	"0"	"0"	"0"	"result"	"of"	"specific"	"staining"	"by"	"the"	"direct"	"and"	"the"	"indirect"	"be"	"similar"	"and"	"show"	"the"	"localization"	"of"	"wtv"	"antigen"	"in"	"certain"	"tissue"	"of"	"tumor"	"0"	"0"	"0"	"0"	"0"	"0"	"0"	"0"	"0"	"0"	"0"	"0"	"0"	"0"	"0"	"0"	"0"	"0"	"0"	"0"	"0"	"0"	"0"	"0"	"0"	"0"	"0"	"0"	"0"	
"5:00:00:definite:00"	"∅"	"property"	"∅"	"of"	"∅_∅"	"∅_property"	"property_of"	"∅_∅_∅"	"∅_∅_property"	"∅_property_of"	"property_of_small"	"ε"	"ε"	"ε"	"JJ"	"NN"	"IN"	"JJ"	"0"	"0"	"0"	"0"	"0"	"0"	"0"	"0"	"0"	"0"	"0"	"0"	"0"	"0"	"0"	"0"	"0"	"0"	"0"	"0"	"0"	"0"	"0"	"0"	"0"	"0"	"0"	"0"	"0"	"0"	"0"	"0"	"0"	"0"	"0"	"0"	"0"	"0"	"0"	"0"	"0"	"0"	"0"	"property"	"of"	"small"	"particle"	"in_addition_to"	"those"	"already"	"mention"	"in_connection_with"	"penetration"	"of"	"the"	"respiratory_tract"	"be"	"noteworthy"	"in"	"defense"	"consideration"	"0"	"0"	"0"	"0"	"0"	"0"	"0"	"0"	"0"	"0"	"0"	"0"	"0"	"0"	"0"	"0"	"0"	"0"	"0"	"0"	"0"	"0"	"0"	"0"	"0"	
"5:00:00:definite:00"	"possible"	"mutational"	"be"	"form"	"be_possible"	"possible_mutational"	"mutational_form"	"it_be_possible"	"be_possible_mutational"	"possible_mutational_form"	"mutational_form_may"	"PRP"	"VB"	"IN"	"JJ"	"JJ"	"NN"	"MD"	"0"	"0"	"0"	"0"	"0"	"0"	"0"	"0"	"0"	"0"	"0"	"0"	"0"	"0"	"0"	"0"	"0"	"0"	"0"	"0"	"0"	"0"	"0"	"0"	"0"	"0"	"0"	"0"	"0"	"0"	"0"	"0"	"0"	"0"	"0"	"0"	"0"	"0"	"0"	"0"	"0"	"0"	"it"	"possible"	"certain"	"mutational"	"form"	"may"	"be"	"produce"	"such_as"	"antibiotic"	"resistant"	"strain"	"0"	"0"	"0"	"0"	"0"	"0"	"0"	"0"	"0"	"0"	"0"	"0"	"0"	"0"	"0"	"0"	"0"	"0"	"0"	"0"	"0"	"0"	"0"	"0"	"0"	"0"	"0"	"0"	"0"	"0"	"0"	"0"	
"5:00:00:definite:00"	"associate"	"numerical"	"we"	"value"	"we_associate"	"associate_numerical"	"numerical_value"	"vertex_we_associate"	"we_associate_numerical"	"associate_numerical_value"	"numerical_value_,"	"NN"	"PRP"	"VB"	"JJ"	"JJ"	"NN"	"ε"	"0"	"0"	"0"	"0"	"0"	"0"	"0"	"0"	"0"	"0"	"0"	"0"	"0"	"0"	"0"	"0"	"0"	"0"	"0"	"0"	"0"	"0"	"0"	"0"	"0"	"0"	"0"	"0"	"0"	"0"	"0"	"0"	"0"	"0"	"0"	"0"	"0"	"0"	"0"	"0"	"0"	"with"	"each"	"we"	"associate"	"certain"	"numerical"	"value"	"namely"	"the"	"set"	"of"	"difference"	"in"	"the"	"parameter"	"t"	"between"	"the"	"vertex"	"and"	"its"	"corresponding"	"forward"	"corner"	"point"	"0"	"0"	"0"	"0"	"0"	"0"	"0"	"0"	"0"	"0"	"0"	"0"	"0"	"0"	"0"	"0"	"0"	"0"	"0"	"0"	
"5:00:00:definite:00"	"be"	"feature"	"there"	"of"	"there_be"	"be_feature"	"feature_of"	"but_there_be"	"there_be_feature"	"be_feature_of"	"feature_of_the"	"CC"	"EX"	"VB"	"JJ"	"NN"	"IN"	"DT"	"0"	"0"	"0"	"0"	"0"	"0"	"0"	"0"	"0"	"0"	"0"	"0"	"0"	"0"	"0"	"0"	"0"	"0"	"0"	"0"	"0"	"0"	"0"	"0"	"0"	"0"	"0"	"0"	"0"	"0"	"0"	"0"	"0"	"0"	"0"	"i"	"be"	"certainly"	"not"	"adequately"	"train"	"to"	"describe"	"enlarge"	"on"	"human"	"fear"	"but"	"there"	"be"	"certain"	"feature"	"of"	"the"	"fear"	"dispel"	"by"	"scientific"	"explanation"	"that"	"stand_out"	"quite"	"clearly"	"0"	"0"	"0"	"0"	"0"	"0"	"0"	"0"	"0"	"0"	"0"	"0"	"0"	"0"	"0"	"0"	"0"	"0"	"0"	"0"	"0"	"0"	"0"	
"5:00:00:definite:00"	"of"	"major"	"notification"	"event"	"notification_of"	"of_major"	"major_event"	"due_notification_of"	"notification_of_major"	"of_major_event"	"major_event_in"	"JJ"	"NN"	"IN"	"JJ"	"JJ"	"NN"	"IN"	"0"	"0"	"0"	"0"	"0"	"it"	"was"	"not"	"as_though"	"she"	"note"	"clearly"	"that"	"her"	"nephew"	"had"	"not"	"been"	"to"	"see"	"her"	"for"	"ten"	"year"	"not"	"since"	"their"	"last"	"journey"	"eastward"	"to"	"witness"	"their"	"person"	"being"	"lower"	"into"	"the"	"rocky"	"soil"	"that"	"aside"	"from"	"notification"	"of"	"certain"	"major"	"event"	"in"	"their"	"life"	"two"	"marriage"	"two"	"birth"	"one"	"divorce"	"christmas_card"	"and"	"easter_card"	"of"	"the"	"traditional"	"sort"	"had"	"be"	"the"	"only"	"thin"	"link"	"she"	"have"	"with"	"them"	"through"	"the"	"widowed"	"year"	"0"	"0"	"0"	"0"	"0"	"0"	"0"	"0"	
"5:00:00:definite:00"	"a"	"clergyman"	"of"	"'s"	"of_a"	"a_clergyman"	"clergyman_'s"	"indefinity_of_a"	"of_a_clergyman"	"a_clergyman_'s"	"clergyman_'s_sermon"	"NN"	"IN"	"DT"	"JJ"	"NN"	"POS"	"NN"	"0"	"0"	"0"	"0"	"0"	"0"	"0"	"0"	"0"	"0"	"0"	"0"	"0"	"0"	"0"	"0"	"0"	"0"	"0"	"0"	"0"	"0"	"0"	"0"	"0"	"0"	"0"	"0"	"0"	"0"	"0"	"0"	"0"	"0"	"0"	"0"	"0"	"0"	"0"	"0"	"no"	"less"	"ambiguous"	"the"	"indefinity"	"of"	"a"	"certain"	"clergyman"	"sermon"	"0"	"0"	"0"	"0"	"0"	"0"	"0"	"0"	"0"	"0"	"0"	"0"	"0"	"0"	"0"	"0"	"0"	"0"	"0"	"0"	"0"	"0"	"0"	"0"	"0"	"0"	"0"	"0"	"0"	"0"	"0"	"0"	"0"	"0"	"0"	"0"	
"3:00:03::"	"be"	"-"	"to"	"offer"	"to_be"	"be_-"	"-_offer"	"appear_to_be"	"to_be_-"	"be_-_offer"	"-_offer_further"	"VB"	"TO"	"VB"	"JJ"	"ε"	"VB"	"JJ"	"0"	"0"	"0"	"0"	"0"	"0"	"0"	"0"	"0"	"0"	"0"	"0"	"0"	"0"	"0"	"0"	"0"	"0"	"0"	"0"	"0"	"0"	"0"	"0"	"0"	"0"	"0"	"0"	"0"	"0"	"0"	"0"	"0"	"the"	"appointment"	"of"	"person"	"of"	"burma"	"as"	"the"	"group"	"acting"	"at"	"this"	"writing"	"the"	"choice"	"appear"	"to"	"be"	"certain"	"offer"	"further"	"proof"	"that"	"in"	"politics"	"it"	"be"	"more"	"important"	"to"	"have"	"no"	"influential"	"enemy"	"than"	"to"	"have"	"influential"	"friend"	"0"	"0"	"0"	"0"	"0"	"0"	"0"	"0"	"0"	"0"	"0"	"0"	"0"	"0"	
"5:00:00:definite:00"	"and"	"chemical"	","	"and"	",_and"	"and_chemical"	"chemical_and"	"person_,_and"	",_and_chemical"	"and_chemical_and"	"chemical_and_serological"	"NNP"	"ε"	"CC"	"JJ"	"NN"	"CC"	"JJ"	"0"	"0"	"0"	"0"	"0"	"0"	"0"	"0"	"0"	"0"	"0"	"0"	"0"	"0"	"0"	"0"	"0"	"0"	"0"	"0"	"0"	"0"	"0"	"0"	"0"	"0"	"0"	"0"	"0"	"0"	"0"	"in"	"the"	"present"	"work"	"whole"	"serum"	"have"	"been"	"fractionate"	"by"	"chromatography"	"on"	"use"	"single"	"gradient"	"similar"	"to"	"those"	"describe"	"by"	"person"	"and"	"person"	"and"	"certain"	"chemical"	"and"	"serological"	"property"	"of"	"the"	"fraction"	"contain"	"antibody"	"of"	"the"	"abo"	"and"	"rh"	"system"	"have"	"been"	"describe"	"0"	"0"	"0"	"0"	"0"	"0"	"0"	"0"	"0"	"0"	"0"	"0"	
"5:00:00:definite:00"	"of"	"therapeutic"	"application"	"procedure"	"application_of"	"of_therapeutic"	"therapeutic_procedure"	"the_application_of"	"application_of_therapeutic"	"of_therapeutic_procedure"	"therapeutic_procedure_follow"	"DT"	"NN"	"IN"	"JJ"	"JJ"	"NN"	"VB"	"0"	"0"	"0"	"0"	"0"	"0"	"0"	"0"	"0"	"0"	"0"	"0"	"0"	"0"	"0"	"0"	"0"	"0"	"0"	"0"	"0"	"0"	"0"	"0"	"0"	"0"	"0"	"0"	"0"	"0"	"0"	"0"	"0"	"0"	"it"	"was"	"assume"	"that"	"the"	"shift"	"in"	"autonomic"	"hypothalamic"	"occur"	"spontaneously"	"in"	"neuropsychiatric"	"patient"	"from"	"the"	"application"	"of"	"certain"	"therapeutic"	"procedure"	"follow"	"the"	"pattern"	"know"	"from"	"the"	"sleep"	"wakefulness"	"cycle"	"0"	"0"	"0"	"0"	"0"	"0"	"0"	"0"	"0"	"0"	"0"	"0"	"0"	"0"	"0"	"0"	"0"	"0"	"0"	"0"	"0"	"0"	
