"SENSE"	"A1"	"A2"	"A3"	"A4"	"A5"	"A6"	"A7"	"A8"	"A9"	"A10"	"A11"	"A12"	"A13"	"A14"	"A15"	"A16"	"A17"	"A18"	"A19"	"A20"	"A21"	"A22"	"A23"	"A24"	"A25"	"A26"	"A27"	"A28"	"A29"	"A30"	"A31"	"A32"	"A33"	"A34"	"A35"	"A36"	"A37"	"A38"	"A39"	"A40"	"A41"	"A42"	"A43"	"A44"	"A45"	"A46"	"A47"	"A48"	"A49"	"A50"	"A51"	"A52"	"A53"	"A54"	"A55"	"A56"	"A57"	"A58"	"A59"	"A60"	"A61"	"A62"	"A63"	"A64"	"A65"	"A66"	"A67"	"A68"	"A69"	"A70"	"A71"	"A72"	"A73"	"A74"	"A75"	"A76"	"A77"	"A78"	"A79"	"A80"	"A81"	"A82"	"A83"	"A84"	"A85"	"A86"	"A87"	"A88"	"A89"	"A90"	"A91"	"A92"	"A93"	"A94"	"A95"	"A96"	"A97"	"A98"	"A99"	"A100"	"A101"	"A102"
"1:06:01::"	"the"	"you"	"of"	"can"	"of_the"	"the_you"	"you_can"	"value_of_the"	"of_the_you"	"the_you_can"	"you_can_raise"	"NN"	"IN"	"DT"	"NN"	"PRP"	"MD"	"VB"	"0"	"0"	"0"	"0"	"0"	"0"	"0"	"0"	"0"	"0"	"0"	"0"	"0"	"0"	"0"	"0"	"0"	"0"	"0"	"0"	"0"	"0"	"0"	"0"	"0"	"0"	"0"	"0"	"0"	"0"	"0"	"0"	"0"	"0"	"0"	"0"	"the"	"of"	"the"	"product"	"you"	"can"	"raise"	"on"	"it"	"0"	"0"	"0"	"0"	"0"	"0"	"0"	"0"	"0"	"0"	"0"	"0"	"0"	"0"	"0"	"0"	"0"	"0"	"0"	"0"	"0"	"0"	"0"	"0"	"0"	"0"	"0"	"0"	"0"	"0"	"0"	"0"	"0"	"0"	"0"	"0"	"0"	"0"	"0"	
"1:06:01::"	"regarding"	"and"	"sophisticated"	"advertising"	"sophisticated_regarding"	"regarding_and"	"and_advertising"	"more_sophisticated_regarding"	"sophisticated_regarding_and"	"regarding_and_advertising"	"and_advertising_claim"	"RB"	"JJ"	"JJ"	"NN"	"CC"	"NN"	"NN"	"0"	"0"	"0"	"0"	"0"	"0"	"0"	"0"	"0"	"0"	"0"	"0"	"0"	"0"	"0"	"0"	"0"	"0"	"0"	"0"	"0"	"0"	"0"	"0"	"0"	"0"	"0"	"0"	"0"	"0"	"0"	"0"	"0"	"0"	"average"	"consumer"	"is"	"more"	"sophisticated"	"regarding"	"product"	"and"	"advertising"	"claim"	"partly"	"because"	"of"	"widespread"	"criticism"	"of"	"such"	"assertion"	"0"	"0"	"0"	"0"	"0"	"0"	"0"	"0"	"0"	"0"	"0"	"0"	"0"	"0"	"0"	"0"	"0"	"0"	"0"	"0"	"0"	"0"	"0"	"0"	"0"	"0"	"0"	"0"	"0"	"0"	"0"	"0"	
"1:06:01::"	"the"	"."	"of"	"∅"	"of_the"	"the_."	"._∅"	"selling_of_the"	"of_the_."	"the_._∅"	"._∅_∅"	"NN"	"IN"	"DT"	"NN"	"ε"	"ε"	"ε"	"0"	"0"	"0"	"0"	"0"	"0"	"0"	"0"	"0"	"0"	"0"	"0"	"0"	"0"	"0"	"0"	"0"	"0"	"0"	"0"	"0"	"0"	"0"	"0"	"0"	"0"	"0"	"0"	"provide"	"good"	"customer"	"service"	"require"	"as"	"thorough"	"a"	"marketing"	"general"	"management"	"planning"	"job"	"as"	"the"	"original"	"selling"	"of"	"the"	"product"	"0"	"0"	"0"	"0"	"0"	"0"	"0"	"0"	"0"	"0"	"0"	"0"	"0"	"0"	"0"	"0"	"0"	"0"	"0"	"0"	"0"	"0"	"0"	"0"	"0"	"0"	"0"	"0"	"0"	"0"	"0"	"0"	"0"	"0"	"0"	"0"	
"1:06:01::"	"with"	"design"	"start"	"and"	"start_with"	"with_design"	"design_and"	"service_start_with"	"start_with_design"	"with_design_and"	"design_and_planning"	"NN"	"VB"	"IN"	"NN"	"NN"	"CC"	"NN"	"0"	"0"	"0"	"0"	"0"	"0"	"0"	"0"	"0"	"0"	"0"	"0"	"0"	"0"	"0"	"0"	"0"	"0"	"0"	"0"	"0"	"0"	"0"	"0"	"0"	"0"	"0"	"0"	"0"	"0"	"0"	"0"	"0"	"0"	"0"	"0"	"good"	"start"	"with"	"product"	"design"	"and"	"planning"	"0"	"0"	"0"	"0"	"0"	"0"	"0"	"0"	"0"	"0"	"0"	"0"	"0"	"0"	"0"	"0"	"0"	"0"	"0"	"0"	"0"	"0"	"0"	"0"	"0"	"0"	"0"	"0"	"0"	"0"	"0"	"0"	"0"	"0"	"0"	"0"	"0"	"0"	"0"	"0"	"0"	
"1:06:01::"	"particular"	"."	"their"	"∅"	"their_particular"	"particular_."	"._∅"	"on_their_particular"	"their_particular_."	"particular_._∅"	"._∅_∅"	"IN"	"PRP$"	"JJ"	"NN"	"ε"	"ε"	"ε"	"0"	"0"	"0"	"0"	"0"	"0"	"0"	"0"	"0"	"0"	"0"	"0"	"0"	"0"	"0"	"0"	"0"	"0"	"0"	"0"	"0"	"0"	"0"	"0"	"0"	"0"	"many"	"industry"	"trade"	"association"	"are"	"develop"	"campaign"	"to"	"protect"	"or"	"enhance"	"share"	"of"	"the"	"consumer"	"dollar"	"being"	"spend"	"on"	"their"	"particular"	"product"	"0"	"0"	"0"	"0"	"0"	"0"	"0"	"0"	"0"	"0"	"0"	"0"	"0"	"0"	"0"	"0"	"0"	"0"	"0"	"0"	"0"	"0"	"0"	"0"	"0"	"0"	"0"	"0"	"0"	"0"	"0"	"0"	"0"	"0"	"0"	"0"	
"1:06:01::"	"different"	","	"require"	"pricing"	"require_different"	"different_,"	",_pricing"	"may_require_different"	"require_different_,"	"different_,_pricing"	",_pricing_,"	"MD"	"VB"	"JJ"	"NN"	"ε"	"NN"	"ε"	"0"	"0"	"0"	"0"	"0"	"0"	"0"	"0"	"0"	"0"	"0"	"0"	"0"	"0"	"0"	"0"	"0"	"0"	"0"	"0"	"0"	"0"	"0"	"0"	"0"	"0"	"0"	"0"	"0"	"0"	"0"	"0"	"0"	"0"	"0"	"the"	"change"	"require"	"different"	"product"	"pricing"	"packaging"	"warehousing"	"salesmanship"	"advertising"	"and"	"executive"	"attention"	"practically"	"every"	"link"	"in"	"the"	"marketing"	"network"	"may"	"have"	"to"	"be"	"adjust"	"0"	"0"	"0"	"0"	"0"	"0"	"0"	"0"	"0"	"0"	"0"	"0"	"0"	"0"	"0"	"0"	"0"	"0"	"0"	"0"	"0"	"0"	"0"	"0"	
"1:06:01::"	"your"	"?"	"suit"	"∅"	"suit_your"	"your_?"	"?_∅"	"best_suit_your"	"suit_your_?"	"your_?_∅"	"?_∅_∅"	"RB"	"VB"	"PRP$"	"NN"	"ε"	"ε"	"ε"	"0"	"0"	"0"	"0"	"0"	"0"	"0"	"0"	"0"	"0"	"0"	"0"	"0"	"0"	"0"	"0"	"0"	"0"	"0"	"0"	"0"	"0"	"0"	"0"	"0"	"0"	"0"	"0"	"0"	"0"	"0"	"0"	"have"	"you"	"carefully"	"examine"	"the"	"technique"	"which"	"best"	"suit"	"your"	"product"	"0"	"0"	"0"	"0"	"0"	"0"	"0"	"0"	"0"	"0"	"0"	"0"	"0"	"0"	"0"	"0"	"0"	"0"	"0"	"0"	"0"	"0"	"0"	"0"	"0"	"0"	"0"	"0"	"0"	"0"	"0"	"0"	"0"	"0"	"0"	"0"	"0"	"0"	"0"	"0"	"0"	
"1:06:01::"	"exciting"	"on"	"and"	"the"	"and_exciting"	"exciting_on"	"on_the"	"new_and_exciting"	"and_exciting_on"	"exciting_on_the"	"on_the_horizon"	"JJ"	"CC"	"JJ"	"NN"	"IN"	"DT"	"NN"	"0"	"0"	"0"	"0"	"0"	"0"	"0"	"0"	"0"	"0"	"0"	"0"	"0"	"0"	"0"	"0"	"0"	"0"	"0"	"0"	"0"	"0"	"0"	"0"	"0"	"0"	"0"	"0"	"0"	"0"	"0"	"0"	"0"	"0"	"practically"	"all"	"forecast"	"new"	"and"	"exciting"	"product"	"on"	"the"	"horizon"	"0"	"0"	"0"	"0"	"0"	"0"	"0"	"0"	"0"	"0"	"0"	"0"	"0"	"0"	"0"	"0"	"0"	"0"	"0"	"0"	"0"	"0"	"0"	"0"	"0"	"0"	"0"	"0"	"0"	"0"	"0"	"0"	"0"	"0"	"0"	"0"	"0"	"0"	"0"	"0"	
"1:06:01::"	"new"	"era"	"exciting"	"can"	"exciting_new"	"new_era"	"era_can"	"this_exciting_new"	"exciting_new_era"	"new_era_can"	"era_can_have"	"DT"	"JJ"	"JJ"	"NN"	"NN"	"MD"	"VB"	"0"	"0"	"0"	"0"	"0"	"0"	"0"	"0"	"0"	"0"	"0"	"0"	"0"	"0"	"0"	"0"	"0"	"0"	"0"	"0"	"0"	"0"	"0"	"0"	"0"	"0"	"0"	"0"	"0"	"0"	"0"	"0"	"0"	"if"	"competition"	"beat"	"you"	"this"	"exciting"	"new"	"product"	"era"	"can"	"have"	"real"	"headache"	"in_store"	"0"	"0"	"0"	"0"	"0"	"0"	"0"	"0"	"0"	"0"	"0"	"0"	"0"	"0"	"0"	"0"	"0"	"0"	"0"	"0"	"0"	"0"	"0"	"0"	"0"	"0"	"0"	"0"	"0"	"0"	"0"	"0"	"0"	"0"	"0"	"0"	"0"	
"1:06:01::"	"or"	"development"	"r_+_d"	"program"	"r_+_d_or"	"or_development"	"development_program"	"your_r_+_d_or"	"r_+_d_or_development"	"or_development_program"	"development_program_tuned"	"PRP$"	"NN"	"CC"	"NN"	"NN"	"NN"	"JJ"	"0"	"0"	"0"	"0"	"0"	"0"	"0"	"0"	"0"	"0"	"0"	"0"	"0"	"0"	"0"	"0"	"0"	"0"	"0"	"0"	"0"	"0"	"0"	"0"	"0"	"0"	"0"	"0"	"0"	"0"	"0"	"0"	"0"	"0"	"0"	"0"	"is"	"r_+_d"	"or"	"product"	"development"	"program"	"tuned"	"in"	"to"	"the"	"commercial"	"reality"	"of"	"the"	"market"	"0"	"0"	"0"	"0"	"0"	"0"	"0"	"0"	"0"	"0"	"0"	"0"	"0"	"0"	"0"	"0"	"0"	"0"	"0"	"0"	"0"	"0"	"0"	"0"	"0"	"0"	"0"	"0"	"0"	"0"	"0"	"0"	"0"	
"1:06:01::"	"new"	"through"	"a"	"to"	"a_new"	"new_through"	"through_to"	"shepherd_a_new"	"a_new_through"	"new_through_to"	"through_to_commercialization"	"VB"	"DT"	"JJ"	"NN"	"RB"	"TO"	"NN"	"0"	"0"	"0"	"0"	"0"	"0"	"0"	"0"	"0"	"0"	"0"	"0"	"0"	"0"	"0"	"0"	"0"	"0"	"0"	"0"	"0"	"0"	"0"	"0"	"0"	"0"	"0"	"0"	"0"	"0"	"0"	"0"	"are"	"there"	"individual"	"in"	"your"	"who"	"can"	"shepherd"	"a"	"new"	"product"	"through"	"to"	"commercialization"	"who"	"can"	"develop"	"reliable"	"estimate"	"of"	"sale"	"volume"	"production"	"and"	"distribution_cost"	"and"	"translate"	"the"	"whole"	"into"	"profit_and_loss"	"and"	"balance_sheet"	"figure"	"which"	"management"	"can"	"act_on"	"with"	"some"	"assurance"	"0"	"0"	"0"	"0"	"0"	"0"	"0"	"0"	"0"	"0"	"0"	
"1:06:01::"	"be"	"rather"	"has"	"than"	"has_be"	"be_rather"	"rather_than"	"it_has_be"	"has_be_rather"	"be_rather_than"	"rather_than_sale"	"RB"	"VBZ"	"VB"	"NN"	"RB"	"IN"	"NN"	"0"	"0"	"0"	"0"	"0"	"0"	"0"	"0"	"0"	"0"	"0"	"0"	"0"	"0"	"0"	"0"	"0"	"0"	"0"	"0"	"0"	"0"	"0"	"0"	"0"	"0"	"0"	"0"	"0"	"while"	"many"	"company"	"have"	"do"	"fine"	"work"	"in"	"sale"	"personnel"	"much"	"of"	"it"	"has"	"be"	"product"	"rather"	"than"	"sale"	"training"	"0"	"0"	"0"	"0"	"0"	"0"	"0"	"0"	"0"	"0"	"0"	"0"	"0"	"0"	"0"	"0"	"0"	"0"	"0"	"0"	"0"	"0"	"0"	"0"	"0"	"0"	"0"	"0"	"0"	"0"	"0"	"0"	"0"	"0"	"0"	
"1:06:00::"	"same"	","	"the"	"there"	"the_same"	"same_,"	",_there"	"make_the_same"	"the_same_,"	"same_,_there"	",_there_be"	"VB"	"DT"	"JJ"	"NN"	"ε"	"EX"	"VB"	"0"	"0"	"0"	"0"	"0"	"0"	"0"	"0"	"0"	"0"	"0"	"0"	"0"	"0"	"0"	"0"	"0"	"0"	"0"	"0"	"0"	"0"	"0"	"0"	"0"	"0"	"0"	"0"	"0"	"0"	"but"	"even"	"if"	"that"	"plant"	"employ"	"the"	"number"	"of"	"worker"	"and"	"make"	"the"	"same"	"product"	"there"	"be"	"fact"	"to"	"consider"	"0"	"0"	"0"	"0"	"0"	"0"	"0"	"0"	"0"	"0"	"0"	"0"	"0"	"0"	"0"	"0"	"0"	"0"	"0"	"0"	"0"	"0"	"0"	"0"	"0"	"0"	"0"	"0"	"0"	"0"	"0"	"0"	"0"	"0"	
"1:06:01::"	"mass_culture"	"of"	"ephemeral"	"today"	"ephemeral_mass_culture"	"mass_culture_of"	"of_today"	"the_ephemeral_mass_culture"	"ephemeral_mass_culture_of"	"mass_culture_of_today"	"of_today_."	"DT"	"JJ"	"NN"	"NN"	"IN"	"RB"	"ε"	"0"	"0"	"0"	"0"	"0"	"0"	"0"	"0"	"0"	"0"	"0"	"0"	"0"	"0"	"0"	"0"	"0"	"0"	"0"	"0"	"0"	"0"	"0"	"0"	"the"	"second"	"timely"	"part"	"of_this"	"sketch"	"of"	"literature"	"and"	"the"	"search"	"for"	"identity"	"to"	"do"	"with"	"the"	"difference"	"between"	"good"	"and"	"enduring"	"literary_work"	"and"	"the"	"ephemeral"	"mass_culture"	"product"	"of"	"today"	"0"	"0"	"0"	"0"	"0"	"0"	"0"	"0"	"0"	"0"	"0"	"0"	"0"	"0"	"0"	"0"	"0"	"0"	"0"	"0"	"0"	"0"	"0"	"0"	"0"	"0"	"0"	"0"	"0"	"0"	
"1:06:00::"	","	","	"use"	"process"	"use_,"	",_,"	",_process"	",_use_,"	"use_,_,"	",_,_process"	",_process_,"	"ε"	"NN"	"ε"	"NN"	"ε"	"NN"	"ε"	"0"	"0"	"0"	"0"	"0"	"0"	"0"	"0"	"0"	"0"	"0"	"0"	"0"	"0"	"0"	"0"	"0"	"0"	"all"	"research"	"within"	"the"	"united_states"	"contract"	"for"	"sponsor"	"cosponsor"	"or"	"authorize"	"under"	"authority"	"of_this"	"act"	"shall"	"be"	"provide"	"for"	"such"	"manner"	"that"	"all"	"information"	"use"	"product"	"process"	"patent"	"and"	"development"	"result"	"from"	"such"	"research"	"develop"	"by"	"government"	"expenditure"	"will"	"with"	"such"	"exception"	"and"	"limitation"	"if"	"any"	"as"	"the"	"secretary_of_the_interior"	"may"	"find"	"to"	"be"	"necessary"	"in"	"the"	"interest"	"of"	"national"	"defense"	"be"	"available"	"to"	"the"	"general"	"public"	
"1:06:01::"	"the"	"of_which"	","	"regularly"	",_the"	"the_of_which"	"of_which_regularly"	")_,_the"	",_the_of_which"	"the_of_which_regularly"	"of_which_regularly_enter"	"ε"	"ε"	"DT"	"NN"	"RB"	"RB"	"VB"	"or"	"any"	"duly"	"authorized"	"representative"	"shall"	"be"	"entitle"	"to"	"admission"	"to"	"and"	"to"	"require"	"report"	"from"	"the"	"operator"	"of"	"any"	"metal"	"or"	"nonmetallic"	"mine"	"which"	"be"	"in"	"a"	"state"	"exclude"	"any"	"coal"	"or"	"lignite"	"mine"	"the"	"product"	"regularly"	"enter"	"commerce"	"or"	"the"	"operation"	"of_which"	"substantially"	"affect"	"commerce"	"for"	"the"	"purpose"	"of"	"gather"	"datum"	"and"	"information"	"necessary"	"for"	"the"	"study"	"authorize"	"in"	"the"	"first"	"section"	"of_this"	"act"	"0"	"0"	"0"	"0"	"0"	"0"	"0"	"0"	"0"	"0"	"0"	"0"	"0"	"0"	"0"	"0"	"0"	"0"	
"1:09:00::"	"the"	"obtain"	"of"	"in"	"of_the"	"the_obtain"	"obtain_in"	"sum_of_the"	"of_the_obtain"	"the_obtain_in"	"obtain_in_item"	"NN"	"IN"	"DT"	"NN"	"VB"	"IN"	"NN"	"0"	"0"	"0"	"0"	"0"	"0"	"0"	"0"	"0"	"0"	"0"	"0"	"0"	"0"	"0"	"0"	"0"	"0"	"0"	"0"	"0"	"0"	"0"	"0"	"0"	"0"	"0"	"0"	"0"	"0"	"0"	"0"	"0"	"0"	"0"	"determine"	"the"	"of"	"the"	"product"	"obtain"	"in"	"item"	"above"	"for"	"all"	"the"	"state"	"0"	"0"	"0"	"0"	"0"	"0"	"0"	"0"	"0"	"0"	"0"	"0"	"0"	"0"	"0"	"0"	"0"	"0"	"0"	"0"	"0"	"0"	"0"	"0"	"0"	"0"	"0"	"0"	"0"	"0"	"0"	"0"	"0"	"0"	"0"	"0"	
"1:09:00::"	"the"	"for"	"of"	"all"	"of_the"	"the_for"	"for_all"	"sum_of_the"	"of_the_for"	"the_for_all"	"for_all_the"	"NN"	"IN"	"DT"	"NN"	"IN"	"JJ"	"DT"	"0"	"0"	"0"	"0"	"0"	"0"	"0"	"0"	"0"	"0"	"0"	"0"	"0"	"0"	"0"	"0"	"0"	"0"	"0"	"0"	"0"	"0"	"0"	"0"	"0"	"0"	"0"	"0"	"0"	"0"	"0"	"determine"	"the"	"ratio"	"that"	"the"	"amount"	"allot"	"be"	"to"	"the"	"sum"	"of"	"the"	"product"	"for"	"all"	"the"	"state"	"0"	"0"	"0"	"0"	"0"	"0"	"0"	"0"	"0"	"0"	"0"	"0"	"0"	"0"	"0"	"0"	"0"	"0"	"0"	"0"	"0"	"0"	"0"	"0"	"0"	"0"	"0"	"0"	"0"	"0"	"0"	"0"	"0"	"0"	"0"	
"1:06:01::"	"restaurant"	","	"sell"	"have"	"sell_restaurant"	"restaurant_,"	",_have"	"firm_sell_restaurant"	"sell_restaurant_,"	"restaurant_,_have"	",_have_considerable"	"NN"	"VB"	"NN"	"NN"	"ε"	"VB"	"JJ"	"0"	"0"	"0"	"0"	"0"	"0"	"0"	"0"	"0"	"0"	"0"	"0"	"0"	"0"	"0"	"0"	"0"	"0"	"0"	"0"	"0"	"0"	"0"	"0"	"0"	"0"	"0"	"0"	"0"	"0"	"0"	"0"	"0"	"0"	"the"	"president"	"of"	"small"	"firm"	"sell"	"restaurant"	"product"	"have"	"considerable"	"difficulty"	"in"	"find"	"suitable"	"salesman"	"for"	"his"	"business"	"0"	"0"	"0"	"0"	"0"	"0"	"0"	"0"	"0"	"0"	"0"	"0"	"0"	"0"	"0"	"0"	"0"	"0"	"0"	"0"	"0"	"0"	"0"	"0"	"0"	"0"	"0"	"0"	"0"	"0"	"0"	"0"	
"1:06:01::"	"'s"	"."	"industry"	"∅"	"industry_'s"	"'s_."	"._∅"	"the_industry_'s"	"industry_'s_."	"'s_._∅"	"._∅_∅"	"DT"	"NN"	"POS"	"NN"	"ε"	"ε"	"ε"	"0"	"0"	"0"	"0"	"0"	"0"	"0"	"0"	"0"	"0"	"0"	"0"	"0"	"0"	"0"	"0"	"0"	"0"	"0"	"0"	"0"	"0"	"0"	"0"	"0"	"0"	"0"	"0"	"0"	"0"	"0"	"0"	"0"	"we"	"are"	"concerned"	"with"	"demand"	"for"	"the"	"industry"	"product"	"0"	"0"	"0"	"0"	"0"	"0"	"0"	"0"	"0"	"0"	"0"	"0"	"0"	"0"	"0"	"0"	"0"	"0"	"0"	"0"	"0"	"0"	"0"	"0"	"0"	"0"	"0"	"0"	"0"	"0"	"0"	"0"	"0"	"0"	"0"	"0"	"0"	"0"	"0"	"0"	"0"	"0"	
"1:06:01::"	"the"	"price"	"with"	","	"with_the"	"the_price"	"price_,"	"inversely_with_the"	"with_the_price"	"the_price_,"	"price_,_and"	"RB"	"IN"	"DT"	"NN"	"NN"	"ε"	"CC"	"0"	"0"	"0"	"0"	"0"	"0"	"0"	"0"	"0"	"0"	"0"	"0"	"0"	"0"	"0"	"0"	"0"	"0"	"0"	"0"	"0"	"0"	"0"	"0"	"0"	"0"	"0"	"0"	"0"	"the"	"form"	"of"	"the"	"industry"	"demand"	"function"	"be"	"which"	"make"	"quantity"	"demand"	"vary"	"inversely"	"with"	"the"	"product"	"price"	"and"	"vary"	"directly"	"with"	"the"	"level"	"of"	"gnp"	"0"	"0"	"0"	"0"	"0"	"0"	"0"	"0"	"0"	"0"	"0"	"0"	"0"	"0"	"0"	"0"	"0"	"0"	"0"	"0"	"0"	"0"	"0"	"0"	"0"	"0"	"0"	"0"	"0"	
"1:27:00::"	"the"	"be"	"when"	"relatively"	"when_the"	"the_be"	"be_relatively"	"fluorine_when_the"	"when_the_be"	"the_be_relatively"	"be_relatively_nonvolatile"	"NN"	"RB"	"DT"	"NN"	"VB"	"RB"	"JJ"	"0"	"0"	"0"	"0"	"0"	"0"	"0"	"0"	"0"	"0"	"0"	"0"	"0"	"0"	"0"	"0"	"0"	"0"	"0"	"0"	"0"	"0"	"0"	"0"	"0"	"0"	"another"	"recent"	"achievement"	"be"	"the"	"successful"	"development"	"of"	"a"	"method"	"for"	"complete"	"combustion"	"in"	"a"	"bomb_calorimeter"	"of"	"a"	"metal"	"in"	"fluorine"	"when"	"the"	"product"	"be"	"relatively"	"nonvolatile"	"0"	"0"	"0"	"0"	"0"	"0"	"0"	"0"	"0"	"0"	"0"	"0"	"0"	"0"	"0"	"0"	"0"	"0"	"0"	"0"	"0"	"0"	"0"	"0"	"0"	"0"	"0"	"0"	"0"	"0"	"0"	
"1:06:00::"	"and"	","	"body_part"	"which"	"body_part_and"	"and_,"	",_which"	")_body_part_and"	"body_part_and_,"	"and_,_which"	",_which_with"	"ε"	"NN"	"CC"	"NN"	"ε"	"WDT"	"IN"	"0"	"0"	"0"	"0"	"0"	"0"	"0"	"0"	"0"	"0"	"0"	"0"	"0"	"0"	"0"	"0"	"0"	"0"	"0"	"0"	"0"	"0"	"0"	"0"	"0"	"0"	"0"	"0"	"0"	"0"	"what"	"we"	"have"	"left"	"as"	"reasonably"	"comparable"	"four"	"class"	"body_part"	"and"	"product"	"which"	"with"	"a"	"proportionally"	"nearly"	"even"	"representation"	"term"	"out"	"of"	"out"	"of"	"come_out"	"with"	"nearly"	"even"	"ratio"	"and"	"nature"	"term"	"against"	"ratio"	"versus"	"adjective"	"term"	"ratio"	"versus"	"verb"	"term"	"ratio"	"versus"	"0"	"0"	"0"	"0"	"0"	"0"	"0"	"0"	"0"	"0"	"0"	
"1:06:01::"	"soap"	"at"	"to"	"a"	"to_soap"	"soap_at"	"at_a"	"life_to_soap"	"to_soap_at"	"soap_at_a"	"at_a_time"	"NN"	"TO"	"NN"	"NN"	"RB"	"RB"	"NN"	"0"	"0"	"0"	"0"	"0"	"0"	"0"	"0"	"0"	"0"	"0"	"0"	"0"	"0"	"0"	"0"	"0"	"0"	"0"	"0"	"0"	"0"	"0"	"0"	"0"	"0"	"0"	"0"	"0"	"0"	"0"	"0"	"0"	"0"	"0"	"polyphosphate"	"give"	"life"	"to"	"soap"	"product"	"at"	"a"	"time"	"when"	"surfactant"	"be"	"a"	"threat"	"though"	"expensive"	"and"	"these"	"same"	"polyphosphate"	"spell"	"the"	"decline"	"of"	"soap"	"usage"	"when"	"the"	"synergism"	"between"	"polyphosphate"	"and"	"synthetic"	"detergent"	"active"	"was"	"recognize"	"and"	"exploit"	"0"	"0"	"0"	"0"	"0"	"0"	"0"	"0"	"0"	"0"	
"1:06:01::"	"alkaline"	":"	"of"	"("	"of_alkaline"	"alkaline_:"	":_("	"class_of_alkaline"	"of_alkaline_:"	"alkaline_:_("	":_(_1"	"NN"	"IN"	"JJ"	"NN"	"ε"	"ε"	"CD"	"0"	"0"	"0"	"0"	"0"	"0"	"0"	"0"	"0"	"0"	"0"	"0"	"0"	"0"	"0"	"0"	"0"	"0"	"0"	"0"	"0"	"0"	"0"	"0"	"0"	"0"	"0"	"0"	"0"	"0"	"0"	"hard"	"surface"	"cleaning"	"in"	"household"	"application"	"represent"	"by"	"two"	"class"	"of"	"alkaline"	"product"	"the"	"formulation"	"make"	"expressly"	"for"	"machine"	"dishwasher"	"and"	"the"	"general-purpose"	"cleaner"	"use"	"for"	"wall"	"and"	"woodwork"	"0"	"0"	"0"	"0"	"0"	"0"	"0"	"0"	"0"	"0"	"0"	"0"	"0"	"0"	"0"	"0"	"0"	"0"	"0"	"0"	"0"	"0"	"0"	"0"	
"1:09:00::"	"a"	"of"	"be"	"first"	"be_a"	"a_of"	"of_first"	"t_be_a"	"be_a_of"	"a_of_first"	"of_first_degree"	"NN"	"VB"	"DT"	"NN"	"IN"	"JJ"	"NN"	"0"	"0"	"0"	"0"	"0"	"0"	"0"	"0"	"0"	"0"	"0"	"0"	"0"	"0"	"0"	"0"	"0"	"0"	"0"	"0"	"0"	"0"	"0"	"0"	"0"	"in"	"the"	"notation"	"of"	"the"	"proof"	"of"	"theorem"	"let"	"us"	"take_a_look"	"at"	"special"	"case"	"in"	"which"	"the"	"minimal"	"polynomial"	"for"	"t"	"be"	"a"	"product"	"of"	"first"	"degree"	"polynomial"	"i.e."	"the"	"case"	"in"	"which"	"each"	"f"	"be"	"of"	"the"	"form"	"f"	"0"	"0"	"0"	"0"	"0"	"0"	"0"	"0"	"0"	"0"	"0"	"0"	"0"	"0"	"0"	"0"	"0"	"0"	"0"	
"1:06:00::"	"last"	"of"	"the"	"a"	"the_last"	"last_of"	"of_a"	"among_the_last"	"the_last_of"	"last_of_a"	"of_a_phase"	"IN"	"DT"	"JJ"	"NN"	"IN"	"DT"	"NN"	"0"	"0"	"0"	"0"	"0"	"0"	"0"	"0"	"0"	"0"	"0"	"0"	"0"	"0"	"0"	"0"	"0"	"0"	"0"	"0"	"0"	"0"	"0"	"0"	"0"	"the"	"dipylon_geometric"	"pottery"	"of"	"athens"	"and"	"the"	"iliad"	"be"	"amazing"	"manifestation"	"of"	"inherent"	"potentiality"	"of"	"greek"	"civilization"	"but"	"both"	"be"	"among"	"the"	"last"	"product"	"of"	"a"	"phase"	"which"	"was"	"end"	"0"	"0"	"0"	"0"	"0"	"0"	"0"	"0"	"0"	"0"	"0"	"0"	"0"	"0"	"0"	"0"	"0"	"0"	"0"	"0"	"0"	"0"	"0"	"0"	"0"	"0"	"0"	"0"	"0"	
"1:06:01::"	"of"	"."	"development"	"∅"	"development_of"	"of_."	"._∅"	"and_development_of"	"development_of_."	"of_._∅"	"._∅_∅"	"CC"	"NN"	"IN"	"NN"	"ε"	"ε"	"ε"	"0"	"0"	"0"	"0"	"0"	"0"	"0"	"0"	"0"	"0"	"0"	"0"	"0"	"0"	"0"	"0"	"0"	"0"	"0"	"0"	"0"	"0"	"0"	"0"	"0"	"0"	"the"	"group"	"sba"	"provide"	"guidance"	"and"	"advice"	"on"	"source"	"of"	"technical"	"relate"	"to"	"small"	"business"	"management"	"and"	"research"	"and"	"development"	"of"	"product"	"0"	"0"	"0"	"0"	"0"	"0"	"0"	"0"	"0"	"0"	"0"	"0"	"0"	"0"	"0"	"0"	"0"	"0"	"0"	"0"	"0"	"0"	"0"	"0"	"0"	"0"	"0"	"0"	"0"	"0"	"0"	"0"	"0"	"0"	"0"	"0"	
"1:06:01::"	"on"	"and"	"information"	"process"	"information_on"	"on_and"	"and_process"	"for_information_on"	"information_on_and"	"on_and_process"	"and_process_particularly"	"IN"	"NN"	"IN"	"NN"	"CC"	"NN"	"RB"	"0"	"0"	"0"	"0"	"0"	"0"	"0"	"0"	"0"	"0"	"0"	"0"	"0"	"0"	"0"	"0"	"0"	"0"	"0"	"0"	"0"	"0"	"0"	"0"	"0"	"0"	"0"	"0"	"0"	"0"	"0"	"0"	"0"	"sba"	"serve"	"also"	"as"	"clearing_house"	"for"	"information"	"on"	"product"	"and"	"process"	"particularly"	"adaptable"	"for"	"exploitation"	"by"	"small"	"firm"	"0"	"0"	"0"	"0"	"0"	"0"	"0"	"0"	"0"	"0"	"0"	"0"	"0"	"0"	"0"	"0"	"0"	"0"	"0"	"0"	"0"	"0"	"0"	"0"	"0"	"0"	"0"	"0"	"0"	"0"	"0"	"0"	"0"	
"1:06:00::"	"farm"	","	"market"	"purchase"	"market_farm"	"farm_,"	",_purchase"	"and_market_farm"	"market_farm_,"	"farm_,_purchase"	",_purchase_farm"	"CC"	"VB"	"NN"	"NN"	"ε"	"VB"	"NN"	"0"	"0"	"0"	"0"	"0"	"0"	"0"	"0"	"0"	"0"	"0"	"0"	"0"	"0"	"0"	"0"	"0"	"0"	"0"	"0"	"0"	"0"	"0"	"0"	"0"	"to"	"be"	"eligible"	"to"	"borrow"	"from"	"a"	"group"	"a"	"cooperative"	"must"	"be"	"association"	"in"	"which"	"farmer"	"act"	"together"	"in"	"process"	"and"	"market"	"farm"	"product"	"purchase"	"farm"	"supply"	"or"	"furnish"	"farm"	"business"	"services"	"and"	"must"	"meet"	"the"	"requirement"	"set_forth"	"in"	"the"	"farm_credit_act_of_1933"	"as"	"amend"	"0"	"0"	"0"	"0"	"0"	"0"	"0"	"0"	"0"	"0"	"0"	"0"	"0"	"0"	"0"	"0"	
"1:06:00::"	"toxic"	"for"	"their"	"the"	"their_toxic"	"toxic_for"	"for_the"	"or_their_toxic"	"their_toxic_for"	"toxic_for_the"	"for_the_purpose"	"CC"	"PRP$"	"JJ"	"NN"	"RB"	"RB"	"NN"	"0"	"0"	"0"	"0"	"0"	"0"	"0"	"0"	"0"	"0"	"0"	"0"	"0"	"0"	"0"	"0"	"0"	"0"	"0"	"0"	"0"	"0"	"0"	"0"	"0"	"0"	"0"	"0"	"0"	"0"	"0"	"0"	"biological_warfare"	"be"	"the"	"intentional"	"use"	"living"	"microorganism"	"or"	"their"	"toxic"	"product"	"for"	"the"	"purpose"	"of"	"destroy"	"or"	"reduce"	"the"	"military"	"effectiveness"	"of"	"man"	"0"	"0"	"0"	"0"	"0"	"0"	"0"	"0"	"0"	"0"	"0"	"0"	"0"	"0"	"0"	"0"	"0"	"0"	"0"	"0"	"0"	"0"	"0"	"0"	"0"	"0"	"0"	"0"	"0"	
