"SENSE"	"A1"	"A2"	"A3"	"A4"	"A5"	"A6"	"A7"	"A8"	"A9"	"A10"	"A11"	"A12"	"A13"	"A14"	"A15"	"A16"	"A17"	"A18"	"A19"	"A20"	"A21"	"A22"	"A23"	"A24"	"A25"	"A26"	"A27"	"A28"	"A29"	"A30"	"A31"	"A32"	"A33"	"A34"	"A35"	"A36"	"A37"	"A38"	"A39"	"A40"	"A41"	"A42"	"A43"	"A44"	"A45"	"A46"	"A47"	"A48"	"A49"	"A50"	"A51"	"A52"	"A53"	"A54"	"A55"	"A56"	"A57"	"A58"	"A59"	"A60"	"A61"	"A62"	"A63"	"A64"	"A65"
"3:00:00::"	"a"	"and"	"be"	"frightening"	"be_a"	"a_and"	"and_frightening"	"person_be_a"	"be_a_and"	"a_and_frightening"	"and_frightening_man"	"NNP"	"VB"	"DT"	"JJ"	"CC"	"JJ"	"NN"	"0"	"0"	"0"	"0"	"0"	"0"	"0"	"0"	"0"	"0"	"0"	"0"	"0"	"0"	"0"	"person"	"a"	"complex"	"and"	"frightening"	"man"	"whose"	"bright_blue"	"eye"	"stare"	"with"	"a"	"kind_of"	"frozen"	"candour"	"into"	"0"	"0"	"0"	"0"	"0"	"0"	"0"	"0"	"0"	"0"	"0"	"0"	"0"	"0"	"0"	"0"	
"3:00:00::"	"sometimes"	"problem"	"the"	"of"	"the_sometimes"	"sometimes_problem"	"problem_of"	"still_the_sometimes"	"the_sometimes_problem"	"sometimes_problem_of"	"problem_of_help"	"RB"	"DT"	"RB"	"JJ"	"NN"	"IN"	"VB"	"0"	"0"	"0"	"0"	"0"	"0"	"0"	"0"	"0"	"0"	"0"	"0"	"0"	"0"	"but"	"there"	"still"	"the"	"sometimes"	"complex"	"problem"	"of"	"help"	"camper"	"choose"	"the"	"best"	"equipment"	"for"	"their"	"individual"	"need"	"0"	"0"	"0"	"0"	"0"	"0"	"0"	"0"	"0"	"0"	"0"	"0"	"0"	"0"	"0"	
"3:00:00::"	"to"	"and"	","	"undifferentiated"	",_to"	"to_and"	"and_undifferentiated"	"expression_,_to"	",_to_and"	"to_and_undifferentiated"	"and_undifferentiated_feeling"	"NN"	"ε"	"TO"	"JJ"	"CC"	"JJ"	"NN"	"the"	"form"	"of"	"nonverbal"	"expression"	"that"	"which"	"seem"	"best"	"to"	"give"	"release"	"and"	"communicational"	"expression"	"to"	"and"	"undifferentiated"	"feeling"	"be"	"laughter"	"0"	"0"	"0"	"0"	"0"	"0"	"0"	"0"	"0"	"0"	"0"	"0"	"0"	"0"	"0"	"0"	"0"	"0"	"0"	"0"	"0"	"0"	"0"	"0"	"0"	"0"	
"3:00:00::"	"more"	"area"	"a"	","	"a_more"	"more_area"	"area_,"	"enter_a_more"	"a_more_area"	"more_area_,"	"area_,_since"	"VB"	"DT"	"RB"	"JJ"	"NN"	"ε"	"IN"	"0"	"0"	"0"	"0"	"0"	"0"	"0"	"0"	"0"	"0"	"0"	"0"	"in"	"consider"	"roleplaying"	"for"	"we"	"enter"	"a"	"more"	"complex"	"area"	"since"	"we"	"are"	"now"	"no_longer"	"deal"	"with"	"a"	"simple"	"overall"	"decision"	"but"	"rather"	"with"	"the"	"examination"	"and"	"evaluation"	"of"	"many"	"element"	"see"	"in"	"dynamic"	"functioning"	
"1:09:00::"	"a"	"of"	"of"	"force"	"of_a"	"a_of"	"of_force"	"result_of_a"	"of_a_of"	"a_of_force"	"of_force_-"	"NN"	"VB"	"DT"	"NN"	"IN"	"NN"	"ε"	"0"	"0"	"0"	"0"	"0"	"0"	"0"	"0"	"0"	"0"	"0"	"0"	"wage"	"price"	"policy"	"of"	"be"	"the"	"result"	"of"	"a"	"complex"	"of"	"force"	"no"	"single"	"explanation"	"has"	"been"	"find"	"which"	"apply"	"to"	"all"	"case"	"0"	"0"	"0"	"0"	"0"	"0"	"0"	"0"	"0"	"0"	"0"	"0"	
"3:00:00::"	"very"	"spectrum"	"the"	"of"	"the_very"	"very_spectrum"	"spectrum_of"	"on_the_very"	"the_very_spectrum"	"very_spectrum_of"	"spectrum_of_the"	"IN"	"DT"	"RB"	"JJ"	"NN"	"IN"	"DT"	"0"	"0"	"0"	"0"	"0"	"0"	"0"	"0"	"0"	"0"	"0"	"0"	"0"	"0"	"research"	"continue"	"the"	"very"	"complex"	"spectrum"	"of"	"the"	"rare_earth"	"element"	"0"	"0"	"0"	"0"	"0"	"0"	"0"	"0"	"0"	"0"	"0"	"0"	"0"	"0"	"0"	"0"	"0"	"0"	"0"	"0"	"0"	"0"	"0"	
"3:00:00::"	"by"	"combination"	"determine"	"of"	"determine_by"	"by_combination"	"combination_of"	"are_determine_by"	"determine_by_combination"	"by_combination_of"	"combination_of_influence"	"VB"	"VB"	"IN"	"JJ"	"NN"	"IN"	"NN"	"0"	"0"	"0"	"0"	"0"	"0"	"0"	"0"	"0"	"0"	"0"	"0"	"in"	"sentence"	"pattern"	"of"	"are"	"determine"	"by"	"complex"	"combination"	"of"	"influence"	"that"	"can"	"only"	"be"	"suggest"	"here"	"0"	"0"	"0"	"0"	"0"	"0"	"0"	"0"	"0"	"0"	"0"	"0"	"0"	"0"	"0"	"0"	"0"	"0"	
"3:00:00::"	"as"	"."	"nearly"	"∅"	"nearly_as"	"as_."	"._∅"	"not_nearly_as"	"nearly_as_."	"as_._∅"	"._∅_∅"	"RB"	"RB"	"RB"	"JJ"	"ε"	"ε"	"ε"	"0"	"0"	"0"	"0"	"0"	"0"	"0"	"0"	"0"	"0"	"0"	"0"	"the"	"problem"	"of"	"hard"	"cleaning"	"be"	"not"	"nearly"	"as"	"complex"	"0"	"0"	"0"	"0"	"0"	"0"	"0"	"0"	"0"	"0"	"0"	"0"	"0"	"0"	"0"	"0"	"0"	"0"	"0"	"0"	"0"	"0"	"0"	"0"	"0"	
"3:00:00::"	"differentiable"	"valued"	"discuss"	"function"	"discuss_differentiable"	"differentiable_valued"	"valued_function"	"are_discuss_differentiable"	"discuss_differentiable_valued"	"differentiable_valued_function"	"valued_function_,"	"VBP"	"VB"	"JJ"	"JJ"	"JJ"	"NN"	"ε"	"0"	"0"	"0"	"0"	"0"	"0"	"0"	"0"	"0"	"0"	"0"	"0"	"0"	"0"	"if"	"we"	"discuss"	"differentiable"	"complex"	"valued"	"function"	"then"	"f"	"and"	"v"	"be"	"complex"	"vector"	"space"	"and"	"f"	"may"	"be"	"any"	"complex_number"	"0"	"0"	"0"	"0"	"0"	"0"	"0"	"0"	"0"	"0"	"0"	"0"	
"3:00:00::"	"be"	"vector"	"v"	"space"	"v_be"	"be_vector"	"vector_space"	"and_v_be"	"v_be_vector"	"be_vector_space"	"vector_space_,"	"CC"	"NN"	"VB"	"JJ"	"NN"	"NN"	"ε"	"0"	"0"	"0"	"0"	"0"	"if"	"we"	"are"	"discuss"	"differentiable"	"complex"	"valued"	"function"	"then"	"f"	"and"	"be"	"complex"	"vector"	"space"	"and"	"f"	"may"	"be"	"any"	"complex_number"	"0"	"0"	"0"	"0"	"0"	"0"	"0"	"0"	"0"	"0"	"0"	"0"	"0"	"0"	"0"	"0"	"0"	"0"	"0"	"0"	"0"	
"3:00:00::"	"a"	"it"	"as"	"fit"	"as_a"	"a_it"	"it_fit"	";_as_a"	"as_a_it"	"a_it_fit"	"it_fit_into"	"ε"	"IN"	"DT"	"JJ"	"PRP"	"VB"	"IN"	"0"	"0"	"0"	"0"	"0"	"the"	"place"	"of"	"religion"	"in"	"the"	"simple"	"preliterate"	"society"	"be"	"quite"	"as"	"a"	"complex"	"it"	"fit"	"into"	"the"	"whole"	"social_organization"	"and"	"function"	"dominantly"	"in"	"every"	"part"	"of_it"	"0"	"0"	"0"	"0"	"0"	"0"	"0"	"0"	"0"	"0"	"0"	"0"	"0"	"0"	"0"	
"3:00:00::"	"by"	"symbol"	","	","	",_by"	"by_symbol"	"symbol_,"	"in_addition_,_by"	",_by_symbol"	"by_symbol_,"	"symbol_,_one"	"RB"	"ε"	"IN"	"JJ"	"NN"	"ε"	"CD"	"since"	"emotional"	"reaction"	"in"	"the"	"higher"	"vertebrate"	"depend_on"	"individual"	"experience"	"and"	"are"	"arouse"	"in"	"man"	"in_addition"	"complex"	"symbol"	"one"	"would"	"expect"	"that"	"the"	"hypothalamus"	"could"	"be"	"excite"	"from"	"the"	"cortex"	"0"	"0"	"0"	"0"	"0"	"0"	"0"	"0"	"0"	"0"	"0"	"0"	"0"	"0"	"0"	"0"	"0"	
