"SENSE"	"A1"	"A2"	"A3"	"A4"	"A5"	"A6"	"A7"	"A8"	"A9"	"A10"	"A11"	"A12"	"A13"	"A14"	"A15"	"A16"	"A17"	"A18"	"A19"	"A20"	"A21"	"A22"	"A23"	"A24"	"A25"	"A26"	"A27"	"A28"	"A29"	"A30"	"A31"	"A32"	"A33"	"A34"	"A35"	"A36"	"A37"	"A38"	"A39"	"A40"	"A41"	"A42"	"A43"	"A44"	"A45"	"A46"	"A47"	"A48"	"A49"	"A50"	"A51"	"A52"	"A53"	"A54"	"A55"	"A56"	"A57"	"A58"	"A59"	"A60"	"A61"	"A62"	"A63"	"A64"	"A65"	"A66"	"A67"	"A68"	"A69"	"A70"	"A71"	"A72"	"A73"	"A74"	"A75"	"A76"	"A77"	"A78"	"A79"	"A80"	"A81"	"A82"	"A83"	"A84"	"A85"	"A86"	"A87"	"A88"	"A89"	"A90"	"A91"	"A92"	"A93"	"A94"	"A95"	"A96"	"A97"	"A98"	"A99"	"A100"	"A101"	"A102"	"A103"	"A104"	"A105"	"A106"	"A107"	"A108"	"A109"	"A110"	"A111"	"A112"
"2:29:00::"	"still"	"from"	"andrea_palladio"	"behind"	"andrea_palladio_still"	"still_from"	"from_behind"	"of_andrea_palladio_still"	"andrea_palladio_still_from"	"still_from_behind"	"from_behind_many_an"	"IN"	"NNP"	"RB"	"VB"	"IN"	"IN"	"JJ"	"colonnaded"	"cedar-roofed"	"southern"	"mansion"	"be"	"directly"	"traceable"	"via"	"the"	"grey"	"and"	"buff"	"stone"	"of"	"grey-skied"	"england"	"to"	"the"	"golden"	"stucco"	"of"	"one"	"particular"	"part"	"of"	"the_blue"	"south"	"the"	"palladian"	"orbit"	"stretch"	"out"	"from"	"vicenza"	"the"	"old"	"mind"	"of"	"andrea_palladio"	"still"	"from"	"behind"	"many_an"	"old"	"rocking_chair"	"on"	"a"	"southern"	"porch"	"the"	"deep"	"friezes"	"of"	"his"	"architectonic"	"music"	"rise"	"firm"	"above"	"the"	"shallower"	"freeze"	"in"	"the"	"kitchen"	"his"	"feeling"	"for"	"light"	"and"	"shade"	"bring"	"a"	"glitter"	"from"	"a"	"tall"	"mint_julep"	"his"	"sense"	"of"	"columns"	"frame"	"the"	"warm"	"velvet"	"night"	"has"	"bring_together"	"a_million"	"couple"	"of"	"mating"	"lips"	
"2:29:00::"	"she"	"in"	"∅"	"a"	"∅_she"	"she_in"	"in_a"	"∅_∅_she"	"∅_she_in"	"she_in_a"	"in_a_sickly-tolerant"	"ε"	"ε"	"PRP"	"VB"	"IN"	"DT"	"JJ"	"0"	"0"	"0"	"0"	"0"	"0"	"0"	"0"	"0"	"0"	"0"	"0"	"0"	"0"	"0"	"0"	"0"	"0"	"0"	"0"	"0"	"0"	"0"	"0"	"0"	"0"	"0"	"0"	"0"	"0"	"0"	"0"	"0"	"0"	"0"	"0"	"0"	"0"	"0"	"0"	"smile"	"in"	"a"	"sickly-tolerant"	"fashion"	"0"	"0"	"0"	"0"	"0"	"0"	"0"	"0"	"0"	"0"	"0"	"0"	"0"	"0"	"0"	"0"	"0"	"0"	"0"	"0"	"0"	"0"	"0"	"0"	"0"	"0"	"0"	"0"	"0"	"0"	"0"	"0"	"0"	"0"	"0"	"0"	"0"	"0"	"0"	"0"	"0"	"0"	"0"	"0"	"0"	"0"	"0"	"0"	"0"	
"2:29:00::"	","	"and"	"say"	"blink"	"say_,"	",_and"	"and_blink"	"she_say_,"	"say_,_and"	",_and_blink"	"and_blink_at"	"PRP"	"VB"	"ε"	"VB"	"CC"	"VB"	"IN"	"0"	"0"	"0"	"0"	"0"	"0"	"0"	"0"	"0"	"0"	"0"	"0"	"0"	"0"	"0"	"0"	"0"	"0"	"0"	"0"	"0"	"0"	"0"	"0"	"0"	"0"	"0"	"0"	"0"	"0"	"0"	"0"	"0"	"0"	"0"	"0"	"0"	"and"	"whiskey"	"she"	"smile"	"and"	"blink"	"at"	"the"	"highball"	"glasses"	"0"	"0"	"0"	"0"	"0"	"0"	"0"	"0"	"0"	"0"	"0"	"0"	"0"	"0"	"0"	"0"	"0"	"0"	"0"	"0"	"0"	"0"	"0"	"0"	"0"	"0"	"0"	"0"	"0"	"0"	"0"	"0"	"0"	"0"	"0"	"0"	"0"	"0"	"0"	"0"	"0"	"0"	"0"	"0"	"0"	"0"	"0"	
"2:29:00::"	","	"up"	"say"	"at"	"say_,"	",_up"	"up_at"	"she_say_,"	"say_,_up"	",_up_at"	"up_at_him"	"PRP"	"VB"	"ε"	"VB"	"IN"	"IN"	"PRP"	"0"	"0"	"0"	"0"	"0"	"0"	"0"	"0"	"0"	"0"	"0"	"0"	"0"	"0"	"0"	"0"	"0"	"0"	"0"	"0"	"0"	"0"	"0"	"0"	"0"	"0"	"0"	"0"	"0"	"0"	"0"	"0"	"0"	"0"	"0"	"0"	"if"	"you"	"go"	"broke"	"say"	"smile"	"up"	"at"	"him"	"i"	"leave"	"you"	"0"	"0"	"0"	"0"	"0"	"0"	"0"	"0"	"0"	"0"	"0"	"0"	"0"	"0"	"0"	"0"	"0"	"0"	"0"	"0"	"0"	"0"	"0"	"0"	"0"	"0"	"0"	"0"	"0"	"0"	"0"	"0"	"0"	"0"	"0"	"0"	"0"	"0"	"0"	"0"	"0"	"0"	"0"	"0"	"0"	"0"	
"2:29:00::"	"say"	"."	"she"	"∅"	"she_say"	"say_."	"._∅"	",_she_say"	"she_say_."	"say_._∅"	"._∅_∅"	"ε"	"PRP"	"VB"	"VB"	"ε"	"ε"	"ε"	"0"	"0"	"0"	"0"	"0"	"0"	"0"	"0"	"0"	"0"	"0"	"0"	"0"	"0"	"0"	"0"	"0"	"0"	"0"	"0"	"0"	"0"	"0"	"0"	"0"	"0"	"0"	"0"	"0"	"0"	"0"	"0"	"0"	"0"	"0"	"0"	"0"	"not"	"to"	"you"	"say"	"smile"	"0"	"0"	"0"	"0"	"0"	"0"	"0"	"0"	"0"	"0"	"0"	"0"	"0"	"0"	"0"	"0"	"0"	"0"	"0"	"0"	"0"	"0"	"0"	"0"	"0"	"0"	"0"	"0"	"0"	"0"	"0"	"0"	"0"	"0"	"0"	"0"	"0"	"0"	"0"	"0"	"0"	"0"	"0"	"0"	"0"	"0"	"0"	"0"	"0"	"0"	"0"	"0"	
"2:29:00::"	"mercer"	"at"	"∅"	"her"	"∅_mercer"	"mercer_at"	"at_her"	"∅_∅_mercer"	"∅_mercer_at"	"mercer_at_her"	"at_her_through"	"ε"	"ε"	"NNP"	"VB"	"IN"	"PRP"	"IN"	"0"	"0"	"0"	"0"	"0"	"0"	"0"	"0"	"0"	"0"	"0"	"0"	"0"	"0"	"0"	"0"	"0"	"0"	"0"	"0"	"0"	"0"	"0"	"0"	"0"	"0"	"0"	"0"	"0"	"0"	"0"	"0"	"0"	"0"	"0"	"0"	"0"	"0"	"0"	"0"	"smile"	"at"	"her"	"through"	"his"	"happiness"	"0"	"0"	"0"	"0"	"0"	"0"	"0"	"0"	"0"	"0"	"0"	"0"	"0"	"0"	"0"	"0"	"0"	"0"	"0"	"0"	"0"	"0"	"0"	"0"	"0"	"0"	"0"	"0"	"0"	"0"	"0"	"0"	"0"	"0"	"0"	"0"	"0"	"0"	"0"	"0"	"0"	"0"	"0"	"0"	"0"	"0"	"0"	"0"	
"2:29:00::"	"lady_da"	"at"	"∅"	"him"	"∅_lady_da"	"lady_da_at"	"at_him"	"∅_∅_lady_da"	"∅_lady_da_at"	"lady_da_at_him"	"at_him_often"	"ε"	"ε"	"NNP"	"VB"	"IN"	"PRP"	"RB"	"0"	"0"	"0"	"0"	"0"	"0"	"0"	"0"	"0"	"0"	"0"	"0"	"0"	"0"	"0"	"0"	"0"	"0"	"0"	"0"	"0"	"0"	"0"	"0"	"0"	"0"	"0"	"0"	"0"	"0"	"0"	"0"	"0"	"0"	"0"	"0"	"0"	"0"	"0"	"0"	"smile"	"at"	"him"	"often"	"but"	"there"	"be"	"no"	"love"	"in_this_place"	"0"	"0"	"0"	"0"	"0"	"0"	"0"	"0"	"0"	"0"	"0"	"0"	"0"	"0"	"0"	"0"	"0"	"0"	"0"	"0"	"0"	"0"	"0"	"0"	"0"	"0"	"0"	"0"	"0"	"0"	"0"	"0"	"0"	"0"	"0"	"0"	"0"	"0"	"0"	"0"	"0"	"0"	"0"	"0"	
"2:29:00::"	"ekstrohm"	","	"∅"	"and"	"∅_ekstrohm"	"ekstrohm_,"	",_and"	"∅_∅_ekstrohm"	"∅_ekstrohm_,"	"ekstrohm_,_and"	",_and_follow"	"ε"	"ε"	"NNP"	"VB"	"ε"	"CC"	"VB"	"0"	"0"	"0"	"0"	"0"	"0"	"0"	"0"	"0"	"0"	"0"	"0"	"0"	"0"	"0"	"0"	"0"	"0"	"0"	"0"	"0"	"0"	"0"	"0"	"0"	"0"	"0"	"0"	"0"	"0"	"0"	"0"	"0"	"0"	"0"	"0"	"0"	"0"	"0"	"0"	"smile"	"and"	"follow"	"the"	"captain"	"through"	"the"	"airlock"	"with"	"only"	"a"	"glance"	"at"	"the"	"lapel"	"gauge"	"on"	"his"	"coverall"	"0"	"0"	"0"	"0"	"0"	"0"	"0"	"0"	"0"	"0"	"0"	"0"	"0"	"0"	"0"	"0"	"0"	"0"	"0"	"0"	"0"	"0"	"0"	"0"	"0"	"0"	"0"	"0"	"0"	"0"	"0"	"0"	"0"	"0"	"0"	
"2:29:00::"	"she"	"to"	"∅"	"herself"	"∅_she"	"she_to"	"to_herself"	"∅_∅_she"	"∅_she_to"	"she_to_herself"	"to_herself_."	"ε"	"ε"	"PRP"	"VB"	"TO"	"PRP"	"ε"	"0"	"0"	"0"	"0"	"0"	"0"	"0"	"0"	"0"	"0"	"0"	"0"	"0"	"0"	"0"	"0"	"0"	"0"	"0"	"0"	"0"	"0"	"0"	"0"	"0"	"0"	"0"	"0"	"0"	"0"	"0"	"0"	"0"	"0"	"0"	"0"	"0"	"0"	"0"	"0"	"smile"	"to"	"herself"	"0"	"0"	"0"	"0"	"0"	"0"	"0"	"0"	"0"	"0"	"0"	"0"	"0"	"0"	"0"	"0"	"0"	"0"	"0"	"0"	"0"	"0"	"0"	"0"	"0"	"0"	"0"	"0"	"0"	"0"	"0"	"0"	"0"	"0"	"0"	"0"	"0"	"0"	"0"	"0"	"0"	"0"	"0"	"0"	"0"	"0"	"0"	"0"	"0"	"0"	"0"	
"2:29:00::"	"he"	"."	"∅"	"∅"	"∅_he"	"he_."	"._∅"	"∅_∅_he"	"∅_he_."	"he_._∅"	"._∅_∅"	"ε"	"ε"	"PRP"	"VB"	"ε"	"ε"	"ε"	"0"	"0"	"0"	"0"	"0"	"0"	"0"	"0"	"0"	"0"	"0"	"0"	"0"	"0"	"0"	"0"	"0"	"0"	"0"	"0"	"0"	"0"	"0"	"0"	"0"	"0"	"0"	"0"	"0"	"0"	"0"	"0"	"0"	"0"	"0"	"0"	"0"	"0"	"0"	"0"	"smile"	"0"	"0"	"0"	"0"	"0"	"0"	"0"	"0"	"0"	"0"	"0"	"0"	"0"	"0"	"0"	"0"	"0"	"0"	"0"	"0"	"0"	"0"	"0"	"0"	"0"	"0"	"0"	"0"	"0"	"0"	"0"	"0"	"0"	"0"	"0"	"0"	"0"	"0"	"0"	"0"	"0"	"0"	"0"	"0"	"0"	"0"	"0"	"0"	"0"	"0"	"0"	"0"	"0"	
"2:29:00::"	"i"	"."	"∅"	"∅"	"∅_i"	"i_."	"._∅"	"∅_∅_i"	"∅_i_."	"i_._∅"	"._∅_∅"	"ε"	"ε"	"PRP"	"VB"	"ε"	"ε"	"ε"	"0"	"0"	"0"	"0"	"0"	"0"	"0"	"0"	"0"	"0"	"0"	"0"	"0"	"0"	"0"	"0"	"0"	"0"	"0"	"0"	"0"	"0"	"0"	"0"	"0"	"0"	"0"	"0"	"0"	"0"	"0"	"0"	"0"	"0"	"0"	"0"	"0"	"0"	"0"	"0"	"smile"	"0"	"0"	"0"	"0"	"0"	"0"	"0"	"0"	"0"	"0"	"0"	"0"	"0"	"0"	"0"	"0"	"0"	"0"	"0"	"0"	"0"	"0"	"0"	"0"	"0"	"0"	"0"	"0"	"0"	"0"	"0"	"0"	"0"	"0"	"0"	"0"	"0"	"0"	"0"	"0"	"0"	"0"	"0"	"0"	"0"	"0"	"0"	"0"	"0"	"0"	"0"	"0"	"0"	
"2:29:00::"	"roy"	"-"	"∅"	"he"	"∅_roy"	"roy_-"	"-_he"	"∅_∅_roy"	"∅_roy_-"	"roy_-_he"	"-_he_did"	"ε"	"ε"	"NNP"	"VB"	"ε"	"PRP"	"VBD"	"0"	"0"	"0"	"0"	"0"	"0"	"0"	"0"	"0"	"0"	"0"	"0"	"0"	"0"	"0"	"0"	"0"	"0"	"0"	"0"	"0"	"0"	"0"	"0"	"0"	"0"	"0"	"0"	"0"	"0"	"0"	"0"	"0"	"0"	"0"	"0"	"0"	"0"	"0"	"0"	"smile"	"he"	"did"	"have"	"a"	"nice"	"smile"	"take_off"	"his"	"hat"	"most"	"politely"	"tell"	"her"	"to"	"hop"	"in"	"and"	"he"	"give"	"her"	"a"	"lift"	"to"	"quinzaine"	"0"	"0"	"0"	"0"	"0"	"0"	"0"	"0"	"0"	"0"	"0"	"0"	"0"	"0"	"0"	"0"	"0"	"0"	"0"	"0"	"0"	"0"	"0"	"0"	"0"	"0"	"0"	"0"	"0"	
"2:29:00::"	"marty"	"at"	"∅"	"squire"	"∅_marty"	"marty_at"	"at_squire"	"∅_∅_marty"	"∅_marty_at"	"marty_at_squire"	"at_squire_pleasantly"	"ε"	"ε"	"NNP"	"VB"	"IN"	"NNP"	"RB"	"0"	"0"	"0"	"0"	"0"	"0"	"0"	"0"	"0"	"0"	"0"	"0"	"0"	"0"	"0"	"0"	"0"	"0"	"0"	"0"	"0"	"0"	"0"	"0"	"0"	"0"	"0"	"0"	"0"	"0"	"0"	"0"	"0"	"0"	"0"	"0"	"0"	"0"	"0"	"0"	"smile"	"at"	"squire"	"pleasantly"	"and"	"say"	"there"	"was"	"a"	"cab"	"wait"	"for"	"me"	"here"	"0"	"0"	"0"	"0"	"0"	"0"	"0"	"0"	"0"	"0"	"0"	"0"	"0"	"0"	"0"	"0"	"0"	"0"	"0"	"0"	"0"	"0"	"0"	"0"	"0"	"0"	"0"	"0"	"0"	"0"	"0"	"0"	"0"	"0"	"0"	"0"	"0"	"0"	"0"	"0"	
"2:29:00::"	"and"	","	"bow"	"say"	"bow_and"	"and_,"	",_say"	",_bow_and"	"bow_and_,"	"and_,_say"	",_say_softly"	"ε"	"VB"	"CC"	"VB"	"ε"	"VB"	"RB"	"0"	"0"	"0"	"0"	"0"	"0"	"0"	"0"	"0"	"0"	"0"	"0"	"0"	"0"	"0"	"0"	"0"	"0"	"0"	"0"	"0"	"0"	"0"	"0"	"0"	"0"	"0"	"0"	"0"	"0"	"0"	"0"	"0"	"0"	"when"	"they"	"walk"	"into"	"the"	"person"	"the"	"old"	"lady"	"bow"	"and"	"smile"	"say"	"softly"	"0"	"0"	"0"	"0"	"0"	"0"	"0"	"0"	"0"	"0"	"0"	"0"	"0"	"0"	"0"	"0"	"0"	"0"	"0"	"0"	"0"	"0"	"0"	"0"	"0"	"0"	"0"	"0"	"0"	"0"	"0"	"0"	"0"	"0"	"0"	"0"	"0"	"0"	"0"	"0"	"0"	"0"	"0"	"0"	"0"	"0"	
"2:29:00::"	"she"	"slightly"	"∅"	"."	"∅_she"	"she_slightly"	"slightly_."	"∅_∅_she"	"∅_she_slightly"	"she_slightly_."	"slightly_._∅"	"ε"	"ε"	"PRP"	"VB"	"RB"	"ε"	"ε"	"0"	"0"	"0"	"0"	"0"	"0"	"0"	"0"	"0"	"0"	"0"	"0"	"0"	"0"	"0"	"0"	"0"	"0"	"0"	"0"	"0"	"0"	"0"	"0"	"0"	"0"	"0"	"0"	"0"	"0"	"0"	"0"	"0"	"0"	"0"	"0"	"0"	"0"	"0"	"0"	"smile"	"slightly"	"0"	"0"	"0"	"0"	"0"	"0"	"0"	"0"	"0"	"0"	"0"	"0"	"0"	"0"	"0"	"0"	"0"	"0"	"0"	"0"	"0"	"0"	"0"	"0"	"0"	"0"	"0"	"0"	"0"	"0"	"0"	"0"	"0"	"0"	"0"	"0"	"0"	"0"	"0"	"0"	"0"	"0"	"0"	"0"	"0"	"0"	"0"	"0"	"0"	"0"	"0"	"0"	
"2:29:00::"	"he"	"very"	"and"	"sweet"	"and_he"	"he_very"	"very_sweet"	",_and_he"	"and_he_very"	"he_very_sweet"	"very_sweet_and"	"ε"	"CC"	"PRP"	"VB"	"RB"	"RB"	"CC"	"0"	"0"	"0"	"0"	"0"	"0"	"0"	"0"	"0"	"0"	"0"	"0"	"0"	"0"	"0"	"0"	"0"	"0"	"0"	"0"	"0"	"0"	"0"	"0"	"0"	"0"	"0"	"0"	"0"	"0"	"0"	"0"	"0"	"0"	"0"	"0"	"time"	"say"	"person"	"and"	"smile"	"very"	"sweet"	"and"	"slow"	"at"	"person"	"0"	"0"	"0"	"0"	"0"	"0"	"0"	"0"	"0"	"0"	"0"	"0"	"0"	"0"	"0"	"0"	"0"	"0"	"0"	"0"	"0"	"0"	"0"	"0"	"0"	"0"	"0"	"0"	"0"	"0"	"0"	"0"	"0"	"0"	"0"	"0"	"0"	"0"	"0"	"0"	"0"	"0"	"0"	"0"	"0"	"0"	"0"	
"1:10:00::"	"affectionate"	"."	"an"	"∅"	"an_affectionate"	"affectionate_."	"._∅"	"him_an_affectionate"	"an_affectionate_."	"affectionate_._∅"	"._∅_∅"	"PRP"	"DT"	"JJ"	"NN"	"ε"	"ε"	"ε"	"0"	"0"	"0"	"0"	"0"	"0"	"0"	"0"	"0"	"0"	"0"	"0"	"0"	"0"	"0"	"0"	"0"	"0"	"0"	"0"	"0"	"0"	"0"	"0"	"0"	"0"	"0"	"0"	"0"	"0"	"0"	"0"	"0"	"0"	"0"	"0"	"0"	"0"	"person"	"give"	"an"	"affectionate"	"smile"	"0"	"0"	"0"	"0"	"0"	"0"	"0"	"0"	"0"	"0"	"0"	"0"	"0"	"0"	"0"	"0"	"0"	"0"	"0"	"0"	"0"	"0"	"0"	"0"	"0"	"0"	"0"	"0"	"0"	"0"	"0"	"0"	"0"	"0"	"0"	"0"	"0"	"0"	"0"	"0"	"0"	"0"	"0"	"0"	"0"	"0"	"0"	"0"	"0"	"0"	"0"	
"1:10:00::"	"his"	"fixed"	"keep"	","	"keep_his"	"his_fixed"	"fixed_,"	"person_keep_his"	"keep_his_fixed"	"his_fixed_,"	"fixed_,_but"	"NNP"	"VB"	"PRP$"	"NN"	"JJ"	"ε"	"CC"	"0"	"0"	"0"	"0"	"0"	"0"	"0"	"0"	"0"	"0"	"0"	"0"	"0"	"0"	"0"	"0"	"0"	"0"	"0"	"0"	"0"	"0"	"0"	"0"	"0"	"0"	"0"	"0"	"0"	"0"	"0"	"0"	"0"	"0"	"0"	"0"	"0"	"0"	"0"	"person"	"his"	"smile"	"fixed"	"but"	"some"	"small"	"inner"	"disturbance"	"was"	"work_on"	"him"	"as"	"he"	"think"	"again"	"about"	"person"	"who"	"be"	"eight"	"or"	"ten"	"year"	"old"	"than"	"the"	"girl"	"0"	"0"	"0"	"0"	"0"	"0"	"0"	"0"	"0"	"0"	"0"	"0"	"0"	"0"	"0"	"0"	"0"	"0"	"0"	"0"	"0"	"0"	"0"	"0"	"0"	"0"	"0"	
"1:10:00::"	"a"	","	"with"	"person"	"with_a"	"a_,"	",_person"	"speak_with_a"	"with_a_,"	"a_,_person"	",_person_somehow"	"VB"	"IN"	"DT"	"NN"	"ε"	"NNP"	"RB"	"0"	"0"	"0"	"0"	"0"	"0"	"0"	"0"	"0"	"0"	"0"	"0"	"0"	"0"	"0"	"0"	"0"	"0"	"0"	"0"	"0"	"0"	"0"	"0"	"0"	"0"	"0"	"0"	"0"	"0"	"0"	"0"	"i"	"get"	"my"	"reference"	"in_order"	"person"	"say"	"and"	"he"	"speak"	"with"	"a"	"smile"	"person"	"somehow"	"get"	"the"	"idea"	"that"	"he"	"be"	"not"	"particularly"	"amused"	"0"	"0"	"0"	"0"	"0"	"0"	"0"	"0"	"0"	"0"	"0"	"0"	"0"	"0"	"0"	"0"	"0"	"0"	"0"	"0"	"0"	"0"	"0"	"0"	"0"	"0"	"0"	"0"	"0"	"0"	"0"	"0"	"0"	"0"	"0"	"0"	"0"	"0"	
"1:10:00::"	","	"a"	"haircut"	"shade"	"haircut_,"	",_a"	"a_shade"	"and_haircut_,"	"haircut_,_a"	",_a_shade"	"a_shade_too"	"CC"	"NN"	"ε"	"NN"	"DT"	"NN"	"RB"	"0"	"0"	"0"	"0"	"0"	"0"	"0"	"0"	"0"	"0"	"0"	"0"	"0"	"0"	"0"	"0"	"0"	"0"	"0"	"0"	"0"	"0"	"0"	"0"	"0"	"0"	"0"	"0"	"0"	"0"	"0"	"0"	"0"	"0"	"0"	"he"	"dislike"	"person"	"on"	"sight"	"clothes"	"and"	"haircut"	"smile"	"a"	"shade"	"too"	"earnestly"	"boyish"	"for"	"a"	"man"	"who"	"must"	"be"	"well"	"into"	"his"	"thirties"	"handclasp"	"too"	"consciously"	"quick"	"and"	"firm"	"0"	"0"	"0"	"0"	"0"	"0"	"0"	"0"	"0"	"0"	"0"	"0"	"0"	"0"	"0"	"0"	"0"	"0"	"0"	"0"	"0"	"0"	"0"	"0"	"0"	"0"	"0"	"0"	"0"	
"2:29:00::"	"to"	","	"continue"	"but"	"continue_to"	"to_,"	",_but"	"person_continue_to"	"continue_to_,"	"to_,_but"	",_but_his"	"NNP"	"VB"	"TO"	"VB"	"ε"	"CC"	"PRP$"	"0"	"0"	"0"	"0"	"0"	"0"	"0"	"0"	"0"	"0"	"0"	"0"	"0"	"0"	"0"	"0"	"0"	"0"	"0"	"0"	"0"	"0"	"0"	"0"	"0"	"0"	"0"	"0"	"0"	"0"	"0"	"0"	"0"	"0"	"0"	"0"	"0"	"0"	"0"	"person"	"to"	"smile"	"but"	"his"	"eye"	"be"	"cold"	"0"	"0"	"0"	"0"	"0"	"0"	"0"	"0"	"0"	"0"	"0"	"0"	"0"	"0"	"0"	"0"	"0"	"0"	"0"	"0"	"0"	"0"	"0"	"0"	"0"	"0"	"0"	"0"	"0"	"0"	"0"	"0"	"0"	"0"	"0"	"0"	"0"	"0"	"0"	"0"	"0"	"0"	"0"	"0"	"0"	"0"	"0"	
"2:29:00::"	"person"	"."	"then"	"∅"	"then_person"	"person_."	"._∅"	"∅_then_person"	"then_person_."	"person_._∅"	"._∅_∅"	"ε"	"RB"	"NNP"	"VB"	"ε"	"ε"	"ε"	"0"	"0"	"0"	"0"	"0"	"0"	"0"	"0"	"0"	"0"	"0"	"0"	"0"	"0"	"0"	"0"	"0"	"0"	"0"	"0"	"0"	"0"	"0"	"0"	"0"	"0"	"0"	"0"	"0"	"0"	"0"	"0"	"0"	"0"	"0"	"0"	"0"	"0"	"0"	"0"	"person"	"smile"	"0"	"0"	"0"	"0"	"0"	"0"	"0"	"0"	"0"	"0"	"0"	"0"	"0"	"0"	"0"	"0"	"0"	"0"	"0"	"0"	"0"	"0"	"0"	"0"	"0"	"0"	"0"	"0"	"0"	"0"	"0"	"0"	"0"	"0"	"0"	"0"	"0"	"0"	"0"	"0"	"0"	"0"	"0"	"0"	"0"	"0"	"0"	"0"	"0"	"0"	"0"	"0"	
"2:29:00::"	","	"at"	"old_woman"	"the"	"old_woman_,"	",_at"	"at_the"	"large_old_woman_,"	"old_woman_,_at"	",_at_the"	"at_the_thing"	"JJ"	"NN"	"ε"	"VB"	"IN"	"DT"	"NN"	"0"	"0"	"0"	"0"	"0"	"0"	"0"	"0"	"0"	"0"	"0"	"0"	"0"	"0"	"0"	"0"	"0"	"0"	"0"	"0"	"0"	"0"	"0"	"0"	"0"	"0"	"0"	"0"	"0"	"0"	"0"	"0"	"0"	"0"	"0"	"0"	"0"	"she"	"stand"	"there"	"large"	"old_woman"	"smile"	"at"	"the"	"thing"	"she"	"would"	"say"	"to"	"him"	"in"	"the"	"morning"	"this"	"big"	"foolish"	"baby"	"of"	"a"	"son"	"0"	"0"	"0"	"0"	"0"	"0"	"0"	"0"	"0"	"0"	"0"	"0"	"0"	"0"	"0"	"0"	"0"	"0"	"0"	"0"	"0"	"0"	"0"	"0"	"0"	"0"	"0"	"0"	"0"	"0"	"0"	"0"	"0"	
"1:10:00::"	"cheerful"	","	"a"	"make"	"a_cheerful"	"cheerful_,"	",_make"	"and_a_cheerful"	"a_cheerful_,"	"cheerful_,_make"	",_make_a"	"CC"	"DT"	"JJ"	"NN"	"ε"	"VB"	"DT"	"0"	"0"	"0"	"0"	"0"	"0"	"0"	"0"	"0"	"0"	"0"	"0"	"0"	"0"	"0"	"0"	"0"	"0"	"0"	"0"	"0"	"0"	"0"	"0"	"0"	"0"	"0"	"0"	"0"	"0"	"0"	"0"	"0"	"0"	"0"	"sparrow"	"size"	"person"	"with"	"sparkling"	"eye"	"and"	"a"	"cheerful"	"smile"	"make"	"a"	"suitably"	"perky"	"person"	"while"	"person"	"as"	"the"	"real"	"aunt"	"be"	"monumental"	"in"	"the"	"very"	"best"	"gibson_girl"	"manner"	"0"	"0"	"0"	"0"	"0"	"0"	"0"	"0"	"0"	"0"	"0"	"0"	"0"	"0"	"0"	"0"	"0"	"0"	"0"	"0"	"0"	"0"	"0"	"0"	"0"	"0"	"0"	"0"	"0"	"0"	
"2:29:00::"	"person"	"."	"∅"	"∅"	"∅_person"	"person_."	"._∅"	"∅_∅_person"	"∅_person_."	"person_._∅"	"._∅_∅"	"ε"	"ε"	"NNP"	"VB"	"ε"	"ε"	"ε"	"0"	"0"	"0"	"0"	"0"	"0"	"0"	"0"	"0"	"0"	"0"	"0"	"0"	"0"	"0"	"0"	"0"	"0"	"0"	"0"	"0"	"0"	"0"	"0"	"0"	"0"	"0"	"0"	"0"	"0"	"0"	"0"	"0"	"0"	"0"	"0"	"0"	"0"	"0"	"0"	"smile"	"0"	"0"	"0"	"0"	"0"	"0"	"0"	"0"	"0"	"0"	"0"	"0"	"0"	"0"	"0"	"0"	"0"	"0"	"0"	"0"	"0"	"0"	"0"	"0"	"0"	"0"	"0"	"0"	"0"	"0"	"0"	"0"	"0"	"0"	"0"	"0"	"0"	"0"	"0"	"0"	"0"	"0"	"0"	"0"	"0"	"0"	"0"	"0"	"0"	"0"	"0"	"0"	"0"	
"2:29:00::"	"person"	"and"	"∅"	"say"	"∅_person"	"person_and"	"and_say"	"∅_∅_person"	"∅_person_and"	"person_and_say"	"and_say_,"	"ε"	"ε"	"NNP"	"VB"	"CC"	"VB"	"ε"	"0"	"0"	"0"	"0"	"0"	"0"	"0"	"0"	"0"	"0"	"0"	"0"	"0"	"0"	"0"	"0"	"0"	"0"	"0"	"0"	"0"	"0"	"0"	"0"	"0"	"0"	"0"	"0"	"0"	"0"	"0"	"0"	"0"	"0"	"0"	"0"	"0"	"0"	"0"	"0"	"smile"	"and"	"say"	"i"	"be"	"glad"	"that"	"your"	"scriptural"	"lesson"	"have"	"leave"	"such"	"an"	"impression"	"0"	"0"	"0"	"0"	"0"	"0"	"0"	"0"	"0"	"0"	"0"	"0"	"0"	"0"	"0"	"0"	"0"	"0"	"0"	"0"	"0"	"0"	"0"	"0"	"0"	"0"	"0"	"0"	"0"	"0"	"0"	"0"	"0"	"0"	"0"	"0"	"0"	"0"	"0"	
"2:29:00::"	","	"lopsidedly"	"man"	"up"	"man_,"	",_lopsidedly"	"lopsidedly_up"	"loose-jowled_man_,"	"man_,_lopsidedly"	",_lopsidedly_up"	"lopsidedly_up_at"	"JJ"	"NN"	"ε"	"VB"	"RB"	"RB"	"IN"	"0"	"0"	"0"	"0"	"0"	"0"	"0"	"0"	"0"	"0"	"0"	"0"	"0"	"0"	"0"	"0"	"0"	"0"	"0"	"0"	"0"	"0"	"0"	"0"	"0"	"0"	"0"	"0"	"0"	"0"	"0"	"0"	"0"	"0"	"0"	"0"	"0"	"there"	"be"	"the"	"loose-jowled"	"man"	"smile"	"lopsidedly"	"up"	"at"	"him"	"0"	"0"	"0"	"0"	"0"	"0"	"0"	"0"	"0"	"0"	"0"	"0"	"0"	"0"	"0"	"0"	"0"	"0"	"0"	"0"	"0"	"0"	"0"	"0"	"0"	"0"	"0"	"0"	"0"	"0"	"0"	"0"	"0"	"0"	"0"	"0"	"0"	"0"	"0"	"0"	"0"	"0"	"0"	"0"	"0"	"0"	"0"	
"1:10:00::"	"pleasant"	"-"	"and"	"come"	"and_pleasant"	"pleasant_-"	"-_come"	"hair_and_pleasant"	"and_pleasant_-"	"pleasant_-_come"	"-_come_to"	"NN"	"CC"	"JJ"	"NN"	"ε"	"VB"	"VB"	"0"	"0"	"0"	"0"	"0"	"0"	"0"	"0"	"0"	"0"	"0"	"0"	"0"	"0"	"0"	"0"	"0"	"0"	"0"	"0"	"0"	"0"	"0"	"0"	"0"	"0"	"0"	"0"	"0"	"0"	"0"	"0"	"0"	"0"	"teacher"	"man"	"who"	"wear"	"brown"	"suit"	"have"	"gray"	"hair"	"and"	"pleasant"	"smile"	"come"	"to"	"their"	"table"	"to"	"talk_shop"	"and"	"to"	"be"	"introduce"	"to"	"person"	"and"	"person"	"0"	"0"	"0"	"0"	"0"	"0"	"0"	"0"	"0"	"0"	"0"	"0"	"0"	"0"	"0"	"0"	"0"	"0"	"0"	"0"	"0"	"0"	"0"	"0"	"0"	"0"	"0"	"0"	"0"	"0"	"0"	"0"	"0"	"0"	
"1:10:00::"	"pleasant"	"."	"a"	"∅"	"a_pleasant"	"pleasant_."	"._∅"	"with_a_pleasant"	"a_pleasant_."	"pleasant_._∅"	"._∅_∅"	"IN"	"DT"	"JJ"	"NN"	"ε"	"ε"	"ε"	"0"	"0"	"0"	"0"	"0"	"0"	"0"	"0"	"0"	"0"	"0"	"0"	"0"	"0"	"0"	"0"	"0"	"0"	"0"	"0"	"0"	"0"	"0"	"0"	"0"	"0"	"0"	"0"	"0"	"0"	"0"	"0"	"0"	"0"	"0"	"0"	"0"	"0"	"person"	"nod"	"a"	"pleasant"	"smile"	"0"	"0"	"0"	"0"	"0"	"0"	"0"	"0"	"0"	"0"	"0"	"0"	"0"	"0"	"0"	"0"	"0"	"0"	"0"	"0"	"0"	"0"	"0"	"0"	"0"	"0"	"0"	"0"	"0"	"0"	"0"	"0"	"0"	"0"	"0"	"0"	"0"	"0"	"0"	"0"	"0"	"0"	"0"	"0"	"0"	"0"	"0"	"0"	"0"	"0"	"0"	
"2:29:00::"	"person"	"at"	"∅"	"him"	"∅_person"	"person_at"	"at_him"	"∅_∅_person"	"∅_person_at"	"person_at_him"	"at_him_with"	"ε"	"ε"	"NNP"	"VB"	"IN"	"PRP"	"IN"	"0"	"0"	"0"	"0"	"0"	"0"	"0"	"0"	"0"	"0"	"0"	"0"	"0"	"0"	"0"	"0"	"0"	"0"	"0"	"0"	"0"	"0"	"0"	"0"	"0"	"0"	"0"	"0"	"0"	"0"	"0"	"0"	"0"	"0"	"0"	"0"	"0"	"0"	"0"	"0"	"smile"	"at"	"him"	"with"	"infinitely"	"old"	"but"	"merry"	"eye"	"0"	"0"	"0"	"0"	"0"	"0"	"0"	"0"	"0"	"0"	"0"	"0"	"0"	"0"	"0"	"0"	"0"	"0"	"0"	"0"	"0"	"0"	"0"	"0"	"0"	"0"	"0"	"0"	"0"	"0"	"0"	"0"	"0"	"0"	"0"	"0"	"0"	"0"	"0"	"0"	"0"	"0"	"0"	"0"	"0"	
"2:29:00::"	"she"	"."	","	"∅"	",_she"	"she_."	"._∅"	"''_,_she"	",_she_."	"she_._∅"	"._∅_∅"	"ε"	"ε"	"PRP"	"VB"	"ε"	"ε"	"ε"	"0"	"0"	"0"	"0"	"0"	"0"	"0"	"0"	"0"	"0"	"0"	"0"	"0"	"0"	"0"	"0"	"0"	"0"	"0"	"0"	"0"	"0"	"0"	"0"	"0"	"0"	"0"	"0"	"0"	"0"	"0"	"0"	"0"	"0"	"0"	"0"	"0"	"i"	"know"	"person"	"smile"	"0"	"0"	"0"	"0"	"0"	"0"	"0"	"0"	"0"	"0"	"0"	"0"	"0"	"0"	"0"	"0"	"0"	"0"	"0"	"0"	"0"	"0"	"0"	"0"	"0"	"0"	"0"	"0"	"0"	"0"	"0"	"0"	"0"	"0"	"0"	"0"	"0"	"0"	"0"	"0"	"0"	"0"	"0"	"0"	"0"	"0"	"0"	"0"	"0"	"0"	"0"	"0"	"0"	
"2:29:00::"	"always"	"lad"	","	"with"	",_always"	"always_lad"	"lad_with"	"happy_,_always"	",_always_lad"	"always_lad_with"	"lad_with_the"	"JJ"	"ε"	"RB"	"VB"	"NN"	"IN"	"DT"	"0"	"0"	"0"	"0"	"0"	"0"	"0"	"0"	"0"	"0"	"0"	"0"	"0"	"0"	"0"	"0"	"0"	"0"	"0"	"0"	"0"	"0"	"0"	"0"	"0"	"0"	"0"	"0"	"0"	"0"	"0"	"0"	"0"	"0"	"0"	"0"	"0"	"0"	"0"	"this"	"always"	"smile"	"lad"	"with"	"the"	"sunny"	"disposition"	"be"	"our"	"new"	"person"	"person"	"0"	"0"	"0"	"0"	"0"	"0"	"0"	"0"	"0"	"0"	"0"	"0"	"0"	"0"	"0"	"0"	"0"	"0"	"0"	"0"	"0"	"0"	"0"	"0"	"0"	"0"	"0"	"0"	"0"	"0"	"0"	"0"	"0"	"0"	"0"	"0"	"0"	"0"	"0"	"0"	"0"	"0"	
"2:29:00::"	","	","	"person"	"``"	"person_,"	",_,"	",_``"	"say_person_,"	"person_,_,"	",_,_``"	",_``_or"	"VB"	"NNP"	"ε"	"VB"	"ε"	"ε"	"CC"	"0"	"0"	"0"	"0"	"0"	"0"	"0"	"0"	"0"	"0"	"0"	"0"	"0"	"0"	"0"	"0"	"0"	"0"	"0"	"0"	"0"	"0"	"0"	"0"	"0"	"0"	"0"	"0"	"0"	"0"	"0"	"0"	"0"	"0"	"0"	"0"	"0"	"hush"	"say"	"person"	"or"	"i"	"give"	"you"	"another"	"black_eye"	"0"	"0"	"0"	"0"	"0"	"0"	"0"	"0"	"0"	"0"	"0"	"0"	"0"	"0"	"0"	"0"	"0"	"0"	"0"	"0"	"0"	"0"	"0"	"0"	"0"	"0"	"0"	"0"	"0"	"0"	"0"	"0"	"0"	"0"	"0"	"0"	"0"	"0"	"0"	"0"	"0"	"0"	"0"	"0"	"0"	"0"	"0"	"0"	
"1:10:00::"	"warm"	"."	"a"	"∅"	"a_warm"	"warm_."	"._∅"	"with_a_warm"	"a_warm_."	"warm_._∅"	"._∅_∅"	"IN"	"DT"	"JJ"	"NN"	"ε"	"ε"	"ε"	"0"	"0"	"0"	"0"	"0"	"0"	"0"	"0"	"0"	"0"	"0"	"0"	"0"	"0"	"0"	"0"	"0"	"0"	"0"	"0"	"0"	"0"	"0"	"0"	"0"	"0"	"0"	"0"	"0"	"0"	"0"	"0"	"0"	"0"	"0"	"your"	"voice"	"be"	"delightful"	"he"	"with"	"a"	"warm"	"smile"	"0"	"0"	"0"	"0"	"0"	"0"	"0"	"0"	"0"	"0"	"0"	"0"	"0"	"0"	"0"	"0"	"0"	"0"	"0"	"0"	"0"	"0"	"0"	"0"	"0"	"0"	"0"	"0"	"0"	"0"	"0"	"0"	"0"	"0"	"0"	"0"	"0"	"0"	"0"	"0"	"0"	"0"	"0"	"0"	"0"	"0"	"0"	"0"	"0"	"0"	
"2:29:00::"	"person"	"."	"∅"	"∅"	"∅_person"	"person_."	"._∅"	"∅_∅_person"	"∅_person_."	"person_._∅"	"._∅_∅"	"ε"	"ε"	"NNP"	"VB"	"ε"	"ε"	"ε"	"0"	"0"	"0"	"0"	"0"	"0"	"0"	"0"	"0"	"0"	"0"	"0"	"0"	"0"	"0"	"0"	"0"	"0"	"0"	"0"	"0"	"0"	"0"	"0"	"0"	"0"	"0"	"0"	"0"	"0"	"0"	"0"	"0"	"0"	"0"	"0"	"0"	"0"	"0"	"0"	"smile"	"0"	"0"	"0"	"0"	"0"	"0"	"0"	"0"	"0"	"0"	"0"	"0"	"0"	"0"	"0"	"0"	"0"	"0"	"0"	"0"	"0"	"0"	"0"	"0"	"0"	"0"	"0"	"0"	"0"	"0"	"0"	"0"	"0"	"0"	"0"	"0"	"0"	"0"	"0"	"0"	"0"	"0"	"0"	"0"	"0"	"0"	"0"	"0"	"0"	"0"	"0"	"0"	"0"	
